DROP SCHEMA IF EXISTS Music;
CREATE SCHEMA IF NOT EXISTS Music;
USE Music;
CREATE TABLE genres (
id INT NOT NULL PRIMARY KEY AUTO_INCREMENT,
genre VARCHAR(50) NOT NULL
);
CREATE TABLE user (
id VARCHAR(100) NOT NULL PRIMARY KEY,
display_name VARCHAR(100) NOT NULL,
tribe VARCHAR(2) NOT NULL
);
CREATE TABLE artist (
id VARCHAR(100) NOT NULL PRIMARY KEY,
name VARCHAR(100) NOT NULL
);
CREATE TABLE album (
id VARCHAR(100) NOT NULL PRIMARY KEY,
name VARCHAR(100) NOT NULL,
artist_id VARCHAR(100) NOT NULL,
release_date DATETIME,
FOREIGN KEY (artist_id) REFERENCES artist(id)
);
CREATE TABLE albumGenre (
genre_id INT NOT NULL,
album_id VARCHAR(100) NOT NULL,
PRIMARY KEY (genre_id, album_id),
FOREIGN KEY (`genre_id`) REFERENCES genres(id),
FOREIGN KEY (`album_id`) REFERENCES album(id)
);
CREATE TABLE track (
id VARCHAR(100) NOT NULL PRIMARY KEY,
name VARCHAR(100) NOT NULL,
duration DOUBLE NOT NULL,
album_id VARCHAR(100) NOT NULL,
user_id VARCHAR(100) NOT NULL,
FOREIGN KEY (album_id) REFERENCES album(id),
FOREIGN KEY (user_id) REFERENCES user(id)
);
INSERT IGNORE INTO user(id, display_name, tribe) VALUES ('rqfru3l3ksuwwyq332j8c3i8g', 'Karina', 'B');
INSERT IGNORE INTO user(id, display_name, tribe) VALUES ('12172090552', 'Leonardo Machado', 'B');
INSERT IGNORE INTO user(id, display_name, tribe) VALUES ('natanarozi', 'natanarozi', 'B');
INSERT IGNORE INTO user(id, display_name, tribe) VALUES ('12148580783', 'Marllon Martins', 'B');
INSERT IGNORE INTO user(id, display_name, tribe) VALUES ('12183934038', 'Izabela.Hammer', 'B');
INSERT IGNORE INTO user(id, display_name, tribe) VALUES ('22i3scg7wazsosc4mx7rwkmeq', '22i3scg7wazsosc4mx7rwkmeq', 'B');
INSERT IGNORE INTO user(id, display_name, tribe) VALUES ('brunaum-br', 'Brunao', 'B');
INSERT IGNORE INTO user(id, display_name, tribe) VALUES ('luks_bc', 'luks_bc', 'B');
INSERT IGNORE INTO user(id, display_name, tribe) VALUES ('eqnz51ci3tqf4hl42w3zhl3e8', 'Hlremanuel', 'B');
INSERT IGNORE INTO user(id, display_name, tribe) VALUES ('3gmdg6fye0owgwyr6bm0wls7j', 'Flávio A.', 'B');
INSERT IGNORE INTO user(id, display_name, tribe) VALUES ('22ugecsbmu7nx7tr3wwa6zpaa', 'Natashia Romanzini', 'B');
INSERT IGNORE INTO user(id, display_name, tribe) VALUES ('312wzkdxgmzz2ddvth7wqy5qbede', 'Alissandra', 'B');
INSERT IGNORE INTO user(id, display_name, tribe) VALUES ('22x7pmym3ul3q4k6eaf5sqilq', 'Rael', 'B');
INSERT IGNORE INTO user(id, display_name, tribe) VALUES ('76j3zhuxdmtuu8vz8jirri3vo', 'Arthur', 'B');
INSERT IGNORE INTO user(id, display_name, tribe) VALUES ('brunolaerte', 'Bruno Marques', 'B');
INSERT IGNORE INTO user(id, display_name, tribe) VALUES ('12164338554', 'Renata Magno', 'B');
INSERT IGNORE INTO user(id, display_name, tribe) VALUES ('lgoqhm2ffbrduxlyttdvxn1pw', 'Gab_', 'B');
INSERT IGNORE INTO user(id, display_name, tribe) VALUES ('nepumxrk51mm4chl8vq043m3t', 'Gilson', 'B');
INSERT IGNORE INTO user(id, display_name, tribe) VALUES ('grazzianofagundes', 'Grazziano Borges Fagundes', 'B');
INSERT IGNORE INTO user(id, display_name, tribe) VALUES ('12186200046', 'Pedro Brandao', 'B');
INSERT IGNORE INTO user(id, display_name, tribe) VALUES ('zhk30cufy1qzmluyt0amo79fs', '1ChiHiro', 'B');
INSERT IGNORE INTO user(id, display_name, tribe) VALUES ('vogz82wctrm4ywfrt31dq0awr', 'Bruno Ribeiro', 'B');
INSERT IGNORE INTO artist(id, name) VALUES ('7jy3rLJdDQY21OgRLCZ9sD', 'Foo Fighters');
INSERT IGNORE INTO artist(id, name) VALUES ('7dGJo4pcD2V6oG8kP0tJRR', 'Eminem');
INSERT IGNORE INTO artist(id, name) VALUES ('7HnkRhoGqYLTasI52iJoE7', 'Chico Science');
INSERT IGNORE INTO artist(id, name) VALUES ('2ye2Wgw4gimLv2eAKyk1NB', 'Metallica');
INSERT IGNORE INTO artist(id, name) VALUES ('4DV9o55Als6nincqXRVfrL', 'Devilmaycry');
INSERT IGNORE INTO artist(id, name) VALUES ('5t28BP42x2axFnqOOMg3CM', 'Five Finger Death Punch');
INSERT IGNORE INTO artist(id, name) VALUES ('4MVyzYMgTwdP7Z49wAZHx0', 'Lynyrd Skynyrd');
INSERT IGNORE INTO artist(id, name) VALUES ('26T3LtbuGT1Fu9m0eRq5X3', 'Cage The Elephant');
INSERT IGNORE INTO artist(id, name) VALUES ('22bE4uQ6baNwSHPVcDxLCe', 'The Rolling Stones');
INSERT IGNORE INTO artist(id, name) VALUES ('1vVHevk2PD45epYnDi9CCc', 'Jack Stauber');
INSERT IGNORE INTO artist(id, name) VALUES ('6urzdpGY5yUimWZsgJUoTb', 'Airbourne');
INSERT IGNORE INTO artist(id, name) VALUES ('5K4W6rqBFWDnAN6FQUkS6x', 'Kanye West');
INSERT IGNORE INTO artist(id, name) VALUES ('3gd8FJtBJtkRxdfbTu19U2', 'Mumford & Sons');
INSERT IGNORE INTO artist(id, name) VALUES ('4bthk9UfsYUYdcFyqxmSUU', 'Tears For Fears');
INSERT IGNORE INTO artist(id, name) VALUES ('0MvSBMGRQJY3mRwIbJsqF1', 'Royal Philharmonic Orchestra');
INSERT IGNORE INTO artist(id, name) VALUES ('2d0hyoQ5ynDBnkvAbJKORj', 'Rage Against The Machine');
INSERT IGNORE INTO artist(id, name) VALUES ('4wyNyxs74Ux8UIDopNjIai', 'King Krule');
INSERT IGNORE INTO artist(id, name) VALUES ('36QJpDe2go2KgaRleHCDTp', 'Led Zeppelin');
INSERT IGNORE INTO artist(id, name) VALUES ('4NpFxQe2UvRCAjto3JqlSl', 'Greta Van Fleet');
INSERT IGNORE INTO artist(id, name) VALUES ('1co4F2pPNH8JjTutZkmgSm', 'Ramones');
INSERT IGNORE INTO artist(id, name) VALUES ('2DYxapoDagSPW4WwFw11Ym', 'Colossal Music');
INSERT IGNORE INTO artist(id, name) VALUES ('7AC976RDJzL2asmZuz7qil', 'Yes');
INSERT IGNORE INTO artist(id, name) VALUES ('3TVXtAsR1Inumwj472S9r4', 'Drake');
INSERT IGNORE INTO artist(id, name) VALUES ('4dwdTW1Lfiq0cM8nBAqIIz', 'Of Monsters and Men');
INSERT IGNORE INTO artist(id, name) VALUES ('7Ey4PD4MYsKc5I2dolUwbH', 'Aerosmith');
INSERT IGNORE INTO artist(id, name) VALUES ('1A5QJAC1vdhbhPE25Q0x0f', 'O Rappa');
INSERT IGNORE INTO artist(id, name) VALUES ('5YFS41yoX0YuFY39fq21oN', 'Bob Sinclar');
INSERT IGNORE INTO artist(id, name) VALUES ('1on7ZQ2pvgeQF4vmIA09x5', 'Charlie Brown Jr.');
INSERT IGNORE INTO artist(id, name) VALUES ('6olE6TJLqED3rqDCT0FyPh', 'Nirvana');
INSERT IGNORE INTO artist(id, name) VALUES ('58lV9VcRSjABbAbfWS6skp', 'Bon Jovi');
INSERT IGNORE INTO artist(id, name) VALUES ('711MCceyCBcFnzjGY4Q7Un', 'AC/DC');
INSERT IGNORE INTO artist(id, name) VALUES ('3GBPw9NK25X1Wt2OUvOwY3', 'Jack Johnson');
INSERT IGNORE INTO artist(id, name) VALUES ('6mdiAmATAx73kdxrNrnlao', 'Iron Maiden');
INSERT IGNORE INTO artist(id, name) VALUES ('75mafsNqNE1WSEVxIKuY5C', 'IDLES');
INSERT IGNORE INTO artist(id, name) VALUES ('2h93pZq0e7k5yf4dywlkpM', 'Frank Ocean');
INSERT IGNORE INTO artist(id, name) VALUES ('5INjqkS1o8h1imAzPqGZBb', 'Tame Impala');
INSERT IGNORE INTO artist(id, name) VALUES ('7bu3H8JO7d0UbMoVzbo70s', 'The Cure');
INSERT IGNORE INTO artist(id, name) VALUES ('7MhMgCo0Bl0Kukl93PZbYS', 'Blur');
INSERT IGNORE INTO artist(id, name) VALUES ('3rWZHrfrsPBxVy692yAIxF', 'WILLOW');
INSERT IGNORE INTO artist(id, name) VALUES ('3yEnArbNHyTCwMRvD9SBy4', 'Wolfmother');
INSERT IGNORE INTO artist(id, name) VALUES ('5M52tdBnJaKSvOpJGz8mfZ', 'Black Sabbath');
INSERT IGNORE INTO artist(id, name) VALUES ('46x75iFAkipaG5IEAFN4L4', 'Giuseppe Tartini');
INSERT IGNORE INTO artist(id, name) VALUES ('1G9G7WwrXka3Z1r7aIDjI7', 'Outkast');
INSERT IGNORE INTO artist(id, name) VALUES ('7y97mc3bZRFXzT2szRM4L4', 'Frédéric Chopin');
INSERT IGNORE INTO artist(id, name) VALUES ('4V8LLVI7PbaPR0K2TGSxFF', 'Tyler, The Creator');
INSERT IGNORE INTO artist(id, name) VALUES ('3fMbdgg4jU18AjLCKBhRSm', 'Michael Jackson');
INSERT IGNORE INTO artist(id, name) VALUES ('57vWImR43h4CaDao012Ofp', 'Steve Lacy');
INSERT IGNORE INTO artist(id, name) VALUES ('7GN9PivdemQRKjDt4z5Zv8', 'The Internet');
INSERT IGNORE INTO artist(id, name) VALUES ('0fA0VVWsXO9YnASrzqfmYu', 'Kid Cudi');
INSERT IGNORE INTO artist(id, name) VALUES ('1fBCIkoPOPCDLUxGuWNvyo', 'Poison');
INSERT IGNORE INTO artist(id, name) VALUES ('2AV6XDIs32ofIJhkkDevjm', 'Curtis Mayfield');
INSERT IGNORE INTO artist(id, name) VALUES ('40Yq4vzPs9VNUrIBG5Jr2i', 'The Smashing Pumpkins');
INSERT IGNORE INTO artist(id, name) VALUES ('2JmW0VFQ6nJ8eMc3HKPeiF', 'Metá Metá');
INSERT IGNORE INTO artist(id, name) VALUES ('2OgUPVlWYgGBGMefZgGvCO', 'Queensrÿche');
INSERT IGNORE INTO artist(id, name) VALUES ('1dfeR4HaWDbWqFHLkxsg1d', 'Queen');
INSERT IGNORE INTO artist(id, name) VALUES ('6EhrRmObU0r0A8dzkRShpR', 'Donna Burke');
INSERT IGNORE INTO artist(id, name) VALUES ('562Od3CffWedyz2BbeYWVn', 'Mike Oldfield');
INSERT IGNORE INTO artist(id, name) VALUES ('6kACVPfCOnqzgfEF5ryl0x', 'Johnny Cash');
INSERT IGNORE INTO artist(id, name) VALUES ('2d9LRvQJnAXRijqIJDDs2K', 'Emicida');
INSERT IGNORE INTO artist(id, name) VALUES ('2Mu5NfyYm8n5iTomuKAEHl', 'Ms. Lauryn Hill');
INSERT IGNORE INTO artist(id, name) VALUES ('1VJZvjGu80pBwk0qeJz8ZR', 'Drik Barbosa');
INSERT IGNORE INTO artist(id, name) VALUES ('559vxOLTzlAv0zB77JMcdG', 'Alceu Valença');
INSERT IGNORE INTO artist(id, name) VALUES ('0GWNKI3VPEcJsOIEhUjmxd', 'Rael');
INSERT IGNORE INTO artist(id, name) VALUES ('0okpgBQamDqOZazBeH0J3I', 'Unknown Brain');
INSERT IGNORE INTO artist(id, name) VALUES ('4pejUc4iciQfgdX6OKulQn', 'Queens of the Stone Age');
INSERT IGNORE INTO artist(id, name) VALUES ('2YZyLoL8N0Wb9xBt1NhZWg', 'Kendrick Lamar');
INSERT IGNORE INTO artist(id, name) VALUES ('3tlXnStJ1fFhdScmQeLpuG', 'Brent Faiyaz');
INSERT IGNORE INTO artist(id, name) VALUES ('0SwO7SWeDHJijQ3XNS7xEE', 'MGMT');
INSERT IGNORE INTO artist(id, name) VALUES ('3AA28KZvwAUcZuOKwyblJQ', 'Gorillaz');
INSERT IGNORE INTO artist(id, name) VALUES ('1oVj9JmPUPg4SQ2uerV2xc', 'Bad Brains');
INSERT IGNORE INTO artist(id, name) VALUES ('0hEurMDQu99nJRq8pTxO14', 'John Mayer');
INSERT IGNORE INTO artist(id, name) VALUES ('3qnGvpP8Yth1AqSBMqON5x', 'Leon Bridges');
INSERT IGNORE INTO artist(id, name) VALUES ('7mnBLXK823vNxN3UWB7Gfz', 'The Black Keys');
INSERT IGNORE INTO artist(id, name) VALUES ('4tZwfgrHOc3mvqYlEYSvVi', 'Daft Punk');
INSERT IGNORE INTO artist(id, name) VALUES ('0NGAZxHanS9e0iNHpR8f2W', 'Alok');
INSERT IGNORE INTO artist(id, name) VALUES ('0CbeG1224FS58EUx4tPevZ', 'Timmy Trumpet');
INSERT IGNORE INTO artist(id, name) VALUES ('0NKDgy9j66h3DLnN8qu1bB', 'Eurythmics');
INSERT IGNORE INTO artist(id, name) VALUES ('3IZrrNonYELubLPJmqOci2', 'Nancy Sinatra');
INSERT IGNORE INTO artist(id, name) VALUES ('73sIBHcqh3Z3NyqHKZ7FOL', 'Childish Gambino');
INSERT IGNORE INTO artist(id, name) VALUES ('0Lpr5wXzWLtDWm1SjNbpPb', 'Todd Rundgren');
INSERT IGNORE INTO artist(id, name) VALUES ('6bJUzb3mLEYCkTAp7eNJgO', 'Information Society');
INSERT IGNORE INTO artist(id, name) VALUES ('4Cqia9vrAbm7ANXbJGXsTE', 'Slash');
INSERT IGNORE INTO artist(id, name) VALUES ('1LZEQNv7sE11VDY3SdxQeN', 'Bee Gees');
INSERT IGNORE INTO artist(id, name) VALUES ('6fXEqmGQEt6ONuqVmwrN46', 'Bag Raiders');
INSERT IGNORE INTO artist(id, name) VALUES ('2xiIXseIJcq3nG7C8fHeBj', 'Three Days Grace');
INSERT IGNORE INTO artist(id, name) VALUES ('7lzordPuZEXxwt9aoVZYmG', 'Billy Idol');
INSERT IGNORE INTO artist(id, name) VALUES ('0xP4NHjOAiPVmDkmMhAgu6', 'DJ Rebel');
INSERT IGNORE INTO artist(id, name) VALUES ('7bNqXqIrIfwJnipx7oGeU4', 'Sevenn');
INSERT IGNORE INTO artist(id, name) VALUES ('7EyzyrMNgqiK8bMrbkOT9l', 'Sidoka');
INSERT IGNORE INTO artist(id, name) VALUES ('7G1GBhoKtEPnP86X2PvEYO', 'Nina Simone');
INSERT IGNORE INTO artist(id, name) VALUES ('2ziB7fzrXBoh1HUPS6sVFn', 'Audioslave');
INSERT IGNORE INTO artist(id, name) VALUES ('1w5Kfo2jwwIPruYS2UWh56', 'Pearl Jam');
INSERT IGNORE INTO artist(id, name) VALUES ('43sZBwHjahUvgbx1WNIkIz', 'Creed');
INSERT IGNORE INTO artist(id, name) VALUES ('05fG473iIaoy82BF1aGhL8', 'Slipknot');
INSERT IGNORE INTO artist(id, name) VALUES ('49qiE8dj4JuNdpYGRPdKbF', 'Stone Sour');
INSERT IGNORE INTO artist(id, name) VALUES ('0nmQIMXWTXfhgOBdNzhGOs', 'Avenged Sevenfold');
INSERT IGNORE INTO artist(id, name) VALUES ('1CoZyIx7UvdxT5c8UkMzHd', 'Jorja Smith');
INSERT IGNORE INTO artist(id, name) VALUES ('0REMf7H0VP6DwfZ9MbuWph', '10 Years');
INSERT IGNORE INTO artist(id, name) VALUES ('4H1frcUKVjOlcXEZRiku5R', 'Chris Goma');
INSERT IGNORE INTO artist(id, name) VALUES ('4UXqAaa6dQYAk18Lv7PEgX', 'Fall Out Boy');
INSERT IGNORE INTO artist(id, name) VALUES ('7guDJrEfX3qb6FEbdPA5qi', 'Stevie Wonder');
INSERT IGNORE INTO artist(id, name) VALUES ('2ysnwxxNtSgbb9t1m2Ur4j', 'George Ezra');
INSERT IGNORE INTO artist(id, name) VALUES ('2x9SpqnPi8rlE9pjHBwmSC', 'Talking Heads');
INSERT IGNORE INTO artist(id, name) VALUES ('0n94vC3S9c3mb2HyNAOcjg', 'The Head And The Heart');
INSERT IGNORE INTO artist(id, name) VALUES ('2kCO8LXN1usaOPL3iEE28I', 'Tai Verdes');
INSERT IGNORE INTO artist(id, name) VALUES ('4DWX7u8BV0vZIQSpJQQDWU', 'Alter Bridge');
INSERT IGNORE INTO artist(id, name) VALUES ('1DFr97A9HnbV3SKTJFu62M', 'Motörhead');
INSERT IGNORE INTO artist(id, name) VALUES ('27T030eWyCQRmDyuvr1kxY', 'Scorpions');
INSERT IGNORE INTO artist(id, name) VALUES ('2o18h28enlHxj887tATc58', 'HammerFall');
INSERT IGNORE INTO artist(id, name) VALUES ('3qm84nBOXUEQ2vnTfUTTFC', 'Guns N\' Roses');
INSERT IGNORE INTO artist(id, name) VALUES ('3Z02hBLubJxuFJfhacLSDc', 'Bryan Adams');
INSERT IGNORE INTO artist(id, name) VALUES ('3UbyYnvNIT5DFXU4WgiGpP', 'Whitesnake');
INSERT IGNORE INTO artist(id, name) VALUES ('2TM0qnbJH4QPhGMCdPt7fH', 'Neck Deep');
INSERT IGNORE INTO artist(id, name) VALUES ('7jxJ25p0pPjk0MStloN6o6', 'Blind Guardian');
INSERT IGNORE INTO artist(id, name) VALUES ('6b0TUydvuFHiCMET4SZ0L2', 'No Bragging Rights');
INSERT IGNORE INTO artist(id, name) VALUES ('4kI8Ie27vjvonwaB2ePh8T', 'Portugal. The Man');
INSERT IGNORE INTO artist(id, name) VALUES ('00YTqRClk82aMchQQpYMd5', 'Our Last Night');
INSERT IGNORE INTO artist(id, name) VALUES ('2p0UyoPfYfI76PCStuXfOP', 'Franz Schubert');
INSERT IGNORE INTO artist(id, name) VALUES ('3H6dCs0SepKvLefBhYIwCp', 'Carbona');
INSERT IGNORE INTO artist(id, name) VALUES ('3iTsJGG39nMg9YiolUgLMQ', 'Morrissey');
INSERT IGNORE INTO artist(id, name) VALUES ('6gXrC8TmqEWrnsm21YO7MM', 'Luso Baião');
INSERT IGNORE INTO artist(id, name) VALUES ('161AC1AVRkIGIMxyj5djFQ', 'Clutch');
INSERT IGNORE INTO artist(id, name) VALUES ('0bZCak2tcRMY1dzEIuwF42', 'The Heavy');
INSERT IGNORE INTO artist(id, name) VALUES ('6yHM0XQEdu9sIlbILMaKBp', 'Paul Cauthen');
INSERT IGNORE INTO artist(id, name) VALUES ('2AsusXITU8P25dlRNhcAbG', 'Gotye');
INSERT IGNORE INTO album(id, name, artist_id, release_date) VALUES ('2eprpJCYbCbPZRKVGIEJxZ', 'In Your Honor', '7jy3rLJdDQY21OgRLCZ9sD', '2005-06-14 00:00:00');
INSERT IGNORE INTO album(id, name, artist_id, release_date) VALUES ('3CjuTytLZz3G9znXt2rJgU', 'SHADYXV', '7dGJo4pcD2V6oG8kP0tJRR', '2014-11-24 00:00:00');
INSERT IGNORE INTO album(id, name, artist_id, release_date) VALUES ('3cG4WKesy6hUXEPfPcdxs6', 'Afrociberdelia', '7HnkRhoGqYLTasI52iJoE7', '1996-05-15 00:00:00');
INSERT IGNORE INTO album(id, name, artist_id, release_date) VALUES ('2Kh43m04B1UkVcpcRa1Zug', 'Metallica', '2ye2Wgw4gimLv2eAKyk1NB', '1991-08-12 00:00:00');
INSERT IGNORE INTO album(id, name, artist_id, release_date) VALUES ('2X65dhdTy1z3hsaEsAkQB3', 'These Secrets Will Kill Us', '4DV9o55Als6nincqXRVfrL', '2019-02-13 00:00:00');
INSERT IGNORE INTO album(id, name, artist_id, release_date) VALUES ('4KXYNMizBHgXUFM1UOUhoJ', 'Got Your Six', '5t28BP42x2axFnqOOMg3CM', '2015-09-04 00:00:00');
INSERT IGNORE INTO album(id, name, artist_id, release_date) VALUES ('54V1ljNtyzAm053oJqi0SH', 'Second Helping', '4MVyzYMgTwdP7Z49wAZHx0', '1974-04-15 00:00:00');
INSERT IGNORE INTO album(id, name, artist_id, release_date) VALUES ('0c1yNi1MuGlcNrCzU2kDVE', 'Cage The Elephant', '26T3LtbuGT1Fu9m0eRq5X3', '2008-01-01 00:00:00');
INSERT IGNORE INTO album(id, name, artist_id, release_date) VALUES ('72qrnM4yUNMDDlWiqKc8iY', 'Aftermath', '22bE4uQ6baNwSHPVcDxLCe', '1966-04-15 00:00:00');
INSERT IGNORE INTO album(id, name, artist_id, release_date) VALUES ('1RHa1VdX6lsLbeedgsV1cb', 'Pop Food', '1vVHevk2PD45epYnDi9CCc', '2017-03-25 00:00:00');
INSERT IGNORE INTO album(id, name, artist_id, release_date) VALUES ('4ulIP4JbW6KegM8KNC02k5', 'Black Dog Barking (Special Edition)', '6urzdpGY5yUimWZsgJUoTb', '2013-05-17 00:00:00');
INSERT IGNORE INTO album(id, name, artist_id, release_date) VALUES ('20r762YmB5HeofjMCiPMLv', 'My Beautiful Dark Twisted Fantasy', '5K4W6rqBFWDnAN6FQUkS6x', '2010-11-22 00:00:00');
INSERT IGNORE INTO album(id, name, artist_id, release_date) VALUES ('0kjj3EUl6EOrKSC9iDurZq', 'Sigh No More', '3gd8FJtBJtkRxdfbTu19U2', '2009-01-01 00:00:00');
INSERT IGNORE INTO album(id, name, artist_id, release_date) VALUES ('7y7459SFZReE5Wec4hejv5', 'Songs From The Big Chair', '4bthk9UfsYUYdcFyqxmSUU', '1985-02-25 00:00:00');
INSERT IGNORE INTO album(id, name, artist_id, release_date) VALUES ('3Bd7qpVG1usl3ehblGqKjl', 'Queen\'s Rhapsody - The Hits Of Queen', '0MvSBMGRQJY3mRwIbJsqF1', '1992-01-27 00:00:00');
INSERT IGNORE INTO album(id, name, artist_id, release_date) VALUES ('24E6rDvGDuYFjlGewp4ntF', 'Evil Empire', '2d0hyoQ5ynDBnkvAbJKORj', '1996-04-16 00:00:00');
INSERT IGNORE INTO album(id, name, artist_id, release_date) VALUES ('3nR8btC3svZmUktrXDBuRY', '6 Feet Beneath the Moon', '4wyNyxs74Ux8UIDopNjIai', '2013-08-24 00:00:00');
INSERT IGNORE INTO album(id, name, artist_id, release_date) VALUES ('3ycjBixZf7S3WpC5WZhhUK', 'Led Zeppelin', '36QJpDe2go2KgaRleHCDTp', '1969-01-12 00:00:00');
INSERT IGNORE INTO album(id, name, artist_id, release_date) VALUES ('1rWkxCNuPFzDRFANL8lLnG', 'Broken Bells', '4NpFxQe2UvRCAjto3JqlSl', '2021-03-19 00:00:00');
INSERT IGNORE INTO album(id, name, artist_id, release_date) VALUES ('20vKajIzB51eW494bDxzhc', 'Dia Mundial do Rock!', '1co4F2pPNH8JjTutZkmgSm', '2020-07-13 00:00:00');
INSERT IGNORE INTO album(id, name, artist_id, release_date) VALUES ('6GNIkXxAK4UoAe3uGfwpYf', 'Told You So (A Tribute to Leslie Clio)', '2DYxapoDagSPW4WwFw11Ym', '2013-04-10 00:00:00');
INSERT IGNORE INTO album(id, name, artist_id, release_date) VALUES ('2Ek1q2haOnxVqhvVKqMvJe', 'ye', '5K4W6rqBFWDnAN6FQUkS6x', '2018-06-01 00:00:00');
INSERT IGNORE INTO album(id, name, artist_id, release_date) VALUES ('4nQe6IzubN7cE7EWzrIvu4', 'The Yes Album (Deluxe Edition)', '7AC976RDJzL2asmZuz7qil', '1971-02-19 00:00:00');
INSERT IGNORE INTO album(id, name, artist_id, release_date) VALUES ('0qGdc7fNq9RNIPEzZufa43', 'Laugh Now Cry Later (feat. Lil Durk)', '3TVXtAsR1Inumwj472S9r4', '2020-08-14 00:00:00');
INSERT IGNORE INTO album(id, name, artist_id, release_date) VALUES ('4p9dVvZDaZliSjTCbFRhJy', 'My Head Is An Animal', '4dwdTW1Lfiq0cM8nBAqIIz', '2012-01-01 00:00:00');
INSERT IGNORE INTO album(id, name, artist_id, release_date) VALUES ('19lEZSnCCbVEkKchoPQWDZ', 'Aerosmith', '7Ey4PD4MYsKc5I2dolUwbH', '1973-01-05 00:00:00');
INSERT IGNORE INTO album(id, name, artist_id, release_date) VALUES ('6Dlr7qx33gN0uUahMs9u2a', 'Nunca Tem Fim (Standard)', '1A5QJAC1vdhbhPE25Q0x0f', '2013-08-15 00:00:00');
INSERT IGNORE INTO album(id, name, artist_id, release_date) VALUES ('18K5xK91s36fWgIcfzkcEt', 'Love Generation (Radio Edit)', '5YFS41yoX0YuFY39fq21oN', '2005-06-20 00:00:00');
INSERT IGNORE INTO album(id, name, artist_id, release_date) VALUES ('0wHl2FK2AEhwIiYISv7cJ4', 'Ritmo, Ritual E Responsa', '1on7ZQ2pvgeQF4vmIA09x5', '2007-03-10 00:00:00');
INSERT IGNORE INTO album(id, name, artist_id, release_date) VALUES ('3I1bOo70cU0y7PprxCGgAs', 'Lado B Lado A', '1A5QJAC1vdhbhPE25Q0x0f', '1999-01-01 00:00:00');
INSERT IGNORE INTO album(id, name, artist_id, release_date) VALUES ('2uEf3r9i2bnxwJQsxQ0xQ7', 'Nevermind (Deluxe Edition)', '6olE6TJLqED3rqDCT0FyPh', '1991-09-26 00:00:00');
INSERT IGNORE INTO album(id, name, artist_id, release_date) VALUES ('0kBfgEilUFCMIQY5IOjG4t', 'Slippery When Wet', '58lV9VcRSjABbAbfWS6skp', '1986-08-16 00:00:00');
INSERT IGNORE INTO album(id, name, artist_id, release_date) VALUES ('4vu7F6h90Br1ZtYYaqfITy', 'The Razors Edge', '711MCceyCBcFnzjGY4Q7Un', '1990-09-24 00:00:00');
INSERT IGNORE INTO album(id, name, artist_id, release_date) VALUES ('2B9q4KPjOEYu885Keo9dfX', 'In Between Dreams', '3GBPw9NK25X1Wt2OUvOwY3', '2005-01-01 00:00:00');
INSERT IGNORE INTO album(id, name, artist_id, release_date) VALUES ('4nvgSs9EQXS5AIwprqq8OU', 'Upside Down', '3GBPw9NK25X1Wt2OUvOwY3', '2006-02-24 00:00:00');
INSERT IGNORE INTO album(id, name, artist_id, release_date) VALUES ('1a15dDOiwz5ebSxk1ZeFB5', 'All The Light Above It Too', '3GBPw9NK25X1Wt2OUvOwY3', '2017-09-08 00:00:00');
INSERT IGNORE INTO album(id, name, artist_id, release_date) VALUES ('16Su3EUFLPqWVyrwN1q5wO', 'Fear of the Dark (2015 Remaster)', '6mdiAmATAx73kdxrNrnlao', '1992-01-01 00:00:00');
INSERT IGNORE INTO album(id, name, artist_id, release_date) VALUES ('27NYgZQHcapoSAs5bWAxRI', 'Joy as an Act of Resistance.', '75mafsNqNE1WSEVxIKuY5C', '2018-08-31 00:00:00');
INSERT IGNORE INTO album(id, name, artist_id, release_date) VALUES ('623Ef2ZEB3Njklix4PC0Rs', 'channel ORANGE (Explicit Version)', '2h93pZq0e7k5yf4dywlkpM', '2012-07-10 00:00:00');
INSERT IGNORE INTO album(id, name, artist_id, release_date) VALUES ('79dL7FLiJFOO0EoehUHQBv', 'Currents', '5INjqkS1o8h1imAzPqGZBb', '2015-07-17 00:00:00');
INSERT IGNORE INTO album(id, name, artist_id, release_date) VALUES ('6hmiQJ6FbPEQIDeKEIKSck', 'Seventeen Seconds', '7bu3H8JO7d0UbMoVzbo70s', '1980-04-18 00:00:00');
INSERT IGNORE INTO album(id, name, artist_id, release_date) VALUES ('68P7oIUK327pt5tDIZJd63', 'Think Tank (Special Edition)', '7MhMgCo0Bl0Kukl93PZbYS', '2003-01-01 00:00:00');
INSERT IGNORE INTO album(id, name, artist_id, release_date) VALUES ('1dg0gmrCaEbENVXpPIvi1m', 'lately I feel EVERYTHING', '3rWZHrfrsPBxVy692yAIxF', '2021-07-16 00:00:00');
INSERT IGNORE INTO album(id, name, artist_id, release_date) VALUES ('1lXY618HWkwYKJWBRYR4MK', 'More Life', '3TVXtAsR1Inumwj472S9r4', '2017-03-18 00:00:00');
INSERT IGNORE INTO album(id, name, artist_id, release_date) VALUES ('747qcmgpdnnIG6lIBwNKhO', 'Wolfmother', '3yEnArbNHyTCwMRvD9SBy4', '2006-01-01 00:00:00');
INSERT IGNORE INTO album(id, name, artist_id, release_date) VALUES ('3kloiihScLGVQVI1uHvdsd', 'Black Sabbath (Remastered)', '5M52tdBnJaKSvOpJGz8mfZ', '1970-02-13 00:00:00');
INSERT IGNORE INTO album(id, name, artist_id, release_date) VALUES ('0FgZKfoU2Br5sHOfvZKTI9', 'JESUS IS KING', '5K4W6rqBFWDnAN6FQUkS6x', '2019-10-25 00:00:00');
INSERT IGNORE INTO album(id, name, artist_id, release_date) VALUES ('68EsYRtDWn6RxWG3qErVI4', 'Tartini: Devil\'s Trill Sonata; Violin Concertos D12, D51, D80, & D115', '46x75iFAkipaG5IEAFN4L4', '2015-03-31 00:00:00');
INSERT IGNORE INTO album(id, name, artist_id, release_date) VALUES ('5ceB3rxgXqIRpsOvVzTG28', 'Aquemini', '1G9G7WwrXka3Z1r7aIDjI7', '1998-09-29 00:00:00');
INSERT IGNORE INTO album(id, name, artist_id, release_date) VALUES ('2EJIGjaVFq9PKinjyA9yOn', 'Chopin: Complete Nocturnes', '7y97mc3bZRFXzT2szRM4L4', '2010-06-22 00:00:00');
INSERT IGNORE INTO album(id, name, artist_id, release_date) VALUES ('3mH6qwIy9crq0I9YQbOuDf', 'Blonde', '2h93pZq0e7k5yf4dywlkpM', '2016-08-20 00:00:00');
INSERT IGNORE INTO album(id, name, artist_id, release_date) VALUES ('45ba6QAtNrdv6Ke4MFOKk9', 'CALL ME IF YOU GET LOST', '4V8LLVI7PbaPR0K2TGSxFF', '2021-06-25 00:00:00');
INSERT IGNORE INTO album(id, name, artist_id, release_date) VALUES ('2ZytN2cY4Zjrr9ukb2rqTP', 'Off the Wall', '3fMbdgg4jU18AjLCKBhRSm', '1979-08-10 00:00:00');
INSERT IGNORE INTO album(id, name, artist_id, release_date) VALUES ('5zi7WsKlIiUXv09tbGLKsE', 'IGOR', '4V8LLVI7PbaPR0K2TGSxFF', '2019-05-17 00:00:00');
INSERT IGNORE INTO album(id, name, artist_id, release_date) VALUES ('7D2NdGvBHIavgLhmcwhluK', 'Yeezus', '5K4W6rqBFWDnAN6FQUkS6x', '2013-06-18 00:00:00');
INSERT IGNORE INTO album(id, name, artist_id, release_date) VALUES ('3IhDL1HDvlujs6ZcIfL9gE', 'Apollo XXI', '57vWImR43h4CaDao012Ofp', '2019-05-24 00:00:00');
INSERT IGNORE INTO album(id, name, artist_id, release_date) VALUES ('27ThgFMUAx3MXLQ297DzWF', 'Hive Mind', '7GN9PivdemQRKjDt4z5Zv8', '2018-07-20 00:00:00');
INSERT IGNORE INTO album(id, name, artist_id, release_date) VALUES ('08eM9GRdr5BCCHNqS3Wwud', 'Man On The Moon II: The Legend Of Mr. Rager', '0fA0VVWsXO9YnASrzqfmYu', '2010-11-09 00:00:00');
INSERT IGNORE INTO album(id, name, artist_id, release_date) VALUES ('1XKDdHnYVcbcguSX2pXoP8', 'Open Up And Say . . . Ahh!', '1fBCIkoPOPCDLUxGuWNvyo', '1988-05-03 00:00:00');
INSERT IGNORE INTO album(id, name, artist_id, release_date) VALUES ('2EwoYRFQRJqw7BTVG6GlTw', 'Move on Up', '2AV6XDIs32ofIJhkkDevjm', '1970-01-01 00:00:00');
INSERT IGNORE INTO album(id, name, artist_id, release_date) VALUES ('2Qs2SpclDToB087fLolhCN', 'Siamese Dream (2011 - Remaster)', '40Yq4vzPs9VNUrIBG5Jr2i', '1993-07-27 00:00:00');
INSERT IGNORE INTO album(id, name, artist_id, release_date) VALUES ('6cZLQamvGf2o04u2pxjzFg', 'M M 3', '2JmW0VFQ6nJ8eMc3HKPeiF', '2016-05-25 00:00:00');
INSERT IGNORE INTO album(id, name, artist_id, release_date) VALUES ('4ddqJxiDOtleIi80dGvGVI', 'Hear In The Now Frontier (Remastered)', '2OgUPVlWYgGBGMefZgGvCO', '2003-01-01 00:00:00');
INSERT IGNORE INTO album(id, name, artist_id, release_date) VALUES ('2yuTRGIackbcReLUXOYBqU', 'Jazz (2011 Remaster)', '1dfeR4HaWDbWqFHLkxsg1d', '1978-11-10 00:00:00');
INSERT IGNORE INTO album(id, name, artist_id, release_date) VALUES ('3XnG6qQYsUjHvxPNLooQTT', 'METAL GEAR SOLID Ⅴ ORIGINAL SOUNDTRACK SELECTION', '6EhrRmObU0r0A8dzkRShpR', '2015-09-02 00:00:00');
INSERT IGNORE INTO album(id, name, artist_id, release_date) VALUES ('05tYzb5o4rZaOEr6K4cNSC', 'Man On The Rocks', '562Od3CffWedyz2BbeYWVn', '2014-01-01 00:00:00');
INSERT IGNORE INTO album(id, name, artist_id, release_date) VALUES ('2BlL4Gv2DLPu8p58Wcmlm9', 'American IV: The Man Comes Around', '6kACVPfCOnqzgfEF5ryl0x', '2002-01-01 00:00:00');
INSERT IGNORE INTO album(id, name, artist_id, release_date) VALUES ('5cUY5chmS86cdonhoFdn8h', 'AmarElo', '2d9LRvQJnAXRijqIJDDs2K', '2019-10-30 00:00:00');
INSERT IGNORE INTO album(id, name, artist_id, release_date) VALUES ('1BZoqf8Zje5nGdwZhOjAtD', 'The Miseducation of Lauryn Hill', '2Mu5NfyYm8n5iTomuKAEHl', '1998-08-25 00:00:00');
INSERT IGNORE INTO album(id, name, artist_id, release_date) VALUES ('5QISdOku9kUmUBRxGAUSFT', 'Sobre Nós', '1VJZvjGu80pBwk0qeJz8ZR', '2020-11-12 00:00:00');
INSERT IGNORE INTO album(id, name, artist_id, release_date) VALUES ('26AN4W43LfbU8OYI684Z19', 'Flor de Tangerina - Single', '559vxOLTzlAv0zB77JMcdG', '2016-04-22 00:00:00');
INSERT IGNORE INTO album(id, name, artist_id, release_date) VALUES ('0kwClqW6ZjFBmyfVI7oEpG', 'Capim-Cidreira', '0GWNKI3VPEcJsOIEhUjmxd', '2019-09-12 00:00:00');
INSERT IGNORE INTO album(id, name, artist_id, release_date) VALUES ('2TKC9e7mRbxOVx1HbgKHR0', 'Superhero', '0okpgBQamDqOZazBeH0J3I', '2016-11-26 00:00:00');
INSERT IGNORE INTO album(id, name, artist_id, release_date) VALUES ('4w3NeXtywU398NYW4903rY', 'Songs For The Deaf', '4pejUc4iciQfgdX6OKulQn', '2002-01-01 00:00:00');
INSERT IGNORE INTO album(id, name, artist_id, release_date) VALUES ('71VX8yv9T2hNIYVZJVUWVp', 'In My Room', '2h93pZq0e7k5yf4dywlkpM', '2019-11-02 00:00:00');
INSERT IGNORE INTO album(id, name, artist_id, release_date) VALUES ('6OGzmhzHcjf0uN9j7dYvZH', 'Chanel', '2h93pZq0e7k5yf4dywlkpM', '2017-03-10 00:00:00');
INSERT IGNORE INTO album(id, name, artist_id, release_date) VALUES ('4eLPsYPBmXABThSJ821sqY', 'DAMN.', '2YZyLoL8N0Wb9xBt1NhZWg', '2017-04-14 00:00:00');
INSERT IGNORE INTO album(id, name, artist_id, release_date) VALUES ('6ymw9w3tGhxVGBskQAhsvm', 'Gravity (feat. Tyler, The Creator)', '3tlXnStJ1fFhdScmQeLpuG', '2021-01-29 00:00:00');
INSERT IGNORE INTO album(id, name, artist_id, release_date) VALUES ('7GjVWG39IOj4viyWplJV4H', 'Little Dark Age', '0SwO7SWeDHJijQ3XNS7xEE', '2018-02-09 00:00:00');
INSERT IGNORE INTO album(id, name, artist_id, release_date) VALUES ('2dIGnmEIy1WZIcZCFSj6i8', 'Plastic Beach', '3AA28KZvwAUcZuOKwyblJQ', '2010-03-03 00:00:00');
INSERT IGNORE INTO album(id, name, artist_id, release_date) VALUES ('4NpepcKo9rQ8nkdCB6iWMP', 'Bad Brains', '1oVj9JmPUPg4SQ2uerV2xc', '1982-01-01 00:00:00');
INSERT IGNORE INTO album(id, name, artist_id, release_date) VALUES ('2JmfwvRDitJlTUoLCkp61z', 'Sob Rock', '0hEurMDQu99nJRq8pTxO14', '2021-07-16 00:00:00');
INSERT IGNORE INTO album(id, name, artist_id, release_date) VALUES ('2zYmSJZxBTCvDYBAEcixyV', 'Inside Friend (feat. John Mayer)', '3qnGvpP8Yth1AqSBMqON5x', '2020-04-10 00:00:00');
INSERT IGNORE INTO album(id, name, artist_id, release_date) VALUES ('0gVxPZ2tcMgyzLxyw8k1z7', 'Brothers (Deluxe Edition)', '7mnBLXK823vNxN3UWB7Gfz', '2010-10-18 00:00:00');
INSERT IGNORE INTO album(id, name, artist_id, release_date) VALUES ('2T7DdrOvsqOqU9bGTkjBYu', 'Human After All', '4tZwfgrHOc3mvqYlEYSvVi', '2005-03-14 00:00:00');
INSERT IGNORE INTO album(id, name, artist_id, release_date) VALUES ('4m2880jivSbbyEGAKfITCa', 'Random Access Memories', '4tZwfgrHOc3mvqYlEYSvVi', '2013-05-17 00:00:00');
INSERT IGNORE INTO album(id, name, artist_id, release_date) VALUES ('3eH0FdLqQtwQepYe6PazQw', 'Table For 2', '0NGAZxHanS9e0iNHpR8f2W', '2019-09-27 00:00:00');
INSERT IGNORE INTO album(id, name, artist_id, release_date) VALUES ('12qv1aPM9tCeCXk56qIqYv', 'Mad World', '0CbeG1224FS58EUx4tPevZ', '2020-11-13 00:00:00');
INSERT IGNORE INTO album(id, name, artist_id, release_date) VALUES ('6mUdeDZCsExyJLMdAfDuwh', 'Back In Black', '711MCceyCBcFnzjGY4Q7Un', '1980-07-25 00:00:00');
INSERT IGNORE INTO album(id, name, artist_id, release_date) VALUES ('5jNDWA19BJbE24x1UUJGRY', 'Sweet Dreams (Are Made Of This)', '0NKDgy9j66h3DLnN8qu1bB', '1983-01-04 00:00:00');
INSERT IGNORE INTO album(id, name, artist_id, release_date) VALUES ('62FTy4WqUxi3paBlxOhh4M', 'Boots', '3IZrrNonYELubLPJmqOci2', '1966-03-01 00:00:00');
INSERT IGNORE INTO album(id, name, artist_id, release_date) VALUES ('4Carzsnpd6yvuHZ49I0oz8', '\"Awaken, My Love!\"', '73sIBHcqh3Z3NyqHKZ7FOL', '2016-12-02 00:00:00');
INSERT IGNORE INTO album(id, name, artist_id, release_date) VALUES ('1RSC0dy1oOIS3RO8tomZOV', 'A Wizard / A True Star', '0Lpr5wXzWLtDWm1SjNbpPb', '1972-01-01 00:00:00');
INSERT IGNORE INTO album(id, name, artist_id, release_date) VALUES ('340MjPcVdiQRnMigrPybZA', 'Donda', '5K4W6rqBFWDnAN6FQUkS6x', '2021-08-29 00:00:00');
INSERT IGNORE INTO album(id, name, artist_id, release_date) VALUES ('3bv0NUg3BXwT5Uh4PW4zUD', 'Information Society', '6bJUzb3mLEYCkTAp7eNJgO', '1988-06-21 00:00:00');
INSERT IGNORE INTO album(id, name, artist_id, release_date) VALUES ('0HBgPC1vbZUmQziDZS78Rg', 'World on Fire', '4Cqia9vrAbm7ANXbJGXsTE', '2014-09-08 00:00:00');
INSERT IGNORE INTO album(id, name, artist_id, release_date) VALUES ('1s6BI47HpSDadSLxWmsJoj', 'Odessa', '1LZEQNv7sE11VDY3SdxQeN', '1969-03-30 00:00:00');
INSERT IGNORE INTO album(id, name, artist_id, release_date) VALUES ('6zVi5jNALX1GeD3MxiFmqo', 'Bag Raiders (Deluxe)', '6fXEqmGQEt6ONuqVmwrN46', '2011-01-01 00:00:00');
INSERT IGNORE INTO album(id, name, artist_id, release_date) VALUES ('0YkHsU3Mblh7jvNngbV20W', 'Human', '2xiIXseIJcq3nG7C8fHeBj', '2015-03-27 00:00:00');
INSERT IGNORE INTO album(id, name, artist_id, release_date) VALUES ('2PSsUGkAAAnBmUUSNBU6se', 'Vital Idol', '7lzordPuZEXxwt9aoVZYmG', '1985-01-01 00:00:00');
INSERT IGNORE INTO album(id, name, artist_id, release_date) VALUES ('1H6xvsnD2JmEtJTvd032gx', 'DJ\'s 12\" Club Tunes Miami 2013 Edition', '0xP4NHjOAiPVmDkmMhAgu6', '2013-03-16 00:00:00');
INSERT IGNORE INTO album(id, name, artist_id, release_date) VALUES ('4UzyEKZKmEIKT1KkWO3Crp', 'Fuego', '0NGAZxHanS9e0iNHpR8f2W', '2017-02-27 00:00:00');
INSERT IGNORE INTO album(id, name, artist_id, release_date) VALUES ('1LrjVxiPQecTh1LugY8jPm', 'Byob', '7bNqXqIrIfwJnipx7oGeU4', '2016-05-10 00:00:00');
INSERT IGNORE INTO album(id, name, artist_id, release_date) VALUES ('3GkFmC2guCvyAkcaS95nhc', 'Não Me Sinto Mal Mais', '7EyzyrMNgqiK8bMrbkOT9l', '2019-10-18 00:00:00');
INSERT IGNORE INTO album(id, name, artist_id, release_date) VALUES ('3ofZeSWPHZOE5WC2tNZDez', 'I Put A Spell On You', '7G1GBhoKtEPnP86X2PvEYO', '1965-06-01 00:00:00');
INSERT IGNORE INTO album(id, name, artist_id, release_date) VALUES ('78guAsers0klWl6RwzgDLd', 'Audioslave', '2ziB7fzrXBoh1HUPS6sVFn', '2002-11-17 00:00:00');
INSERT IGNORE INTO album(id, name, artist_id, release_date) VALUES ('7AOWw68DEPnDmTpquZw8bG', 'Riot Act', '1w5Kfo2jwwIPruYS2UWh56', '2002-11-08 00:00:00');
INSERT IGNORE INTO album(id, name, artist_id, release_date) VALUES ('6mOXPtswKccKSx5dYmCXAc', 'With Arms Wide Open: A Retrospective', '43sZBwHjahUvgbx1WNIkIz', '2015-01-01 00:00:00');
INSERT IGNORE INTO album(id, name, artist_id, release_date) VALUES ('1z6iuIsvWR3AjWhMY2xFOk', 'Pearl Jam Twenty Original Motion Picture Soundtrack', '1w5Kfo2jwwIPruYS2UWh56', '2011-09-16 00:00:00');
INSERT IGNORE INTO album(id, name, artist_id, release_date) VALUES ('0hFWapnP7orzXCMwNU5DuA', 'All Hope Is Gone', '05fG473iIaoy82BF1aGhL8', '2008-08-22 00:00:00');
INSERT IGNORE INTO album(id, name, artist_id, release_date) VALUES ('0dZB8UHYsM7jKmm7ByzAVq', 'Come What(ever) May [10th Anniversary Edition]', '49qiE8dj4JuNdpYGRPdKbF', '2006-01-01 00:00:00');
INSERT IGNORE INTO album(id, name, artist_id, release_date) VALUES ('3Id3VUk9jSKBD1guNo1buF', 'Avenged Sevenfold', '0nmQIMXWTXfhgOBdNzhGOs', '2007-10-26 00:00:00');
INSERT IGNORE INTO album(id, name, artist_id, release_date) VALUES ('41rLKAOZZIcG5SFBaDBBxP', 'Let Me Down', '1CoZyIx7UvdxT5c8UkMzHd', '2018-01-12 00:00:00');
INSERT IGNORE INTO album(id, name, artist_id, release_date) VALUES ('6bFbVc6Ozp6OEk7ueSqCxo', '(how to live) AS GHOSTS', '0REMf7H0VP6DwfZ9MbuWph', '2017-10-27 00:00:00');
INSERT IGNORE INTO album(id, name, artist_id, release_date) VALUES ('1iOoQUF7b9rcnsSAkFvgqm', 'Movie', '4H1frcUKVjOlcXEZRiku5R', '2022-01-12 00:00:00');
INSERT IGNORE INTO album(id, name, artist_id, release_date) VALUES ('0hHopYqXhuvYSHtVyrcb1g', 'Infinity On High', '4UXqAaa6dQYAk18Lv7PEgX', '2007-01-01 00:00:00');
INSERT IGNORE INTO album(id, name, artist_id, release_date) VALUES ('3pPBbp1Nl9n1AM9xFpdKtZ', 'For Once In My Life', '7guDJrEfX3qb6FEbdPA5qi', '1968-12-01 00:00:00');
INSERT IGNORE INTO album(id, name, artist_id, release_date) VALUES ('5tF2lAa2rh2kU2xIiBzWia', 'Wanted on Voyage', '2ysnwxxNtSgbb9t1m2Ur4j', '2014-06-27 00:00:00');
INSERT IGNORE INTO album(id, name, artist_id, release_date) VALUES ('5eqcF7pWzHgWpGdEmHgeSN', 'Talking Heads \'77 (Deluxe Version)', '2x9SpqnPi8rlE9pjHBwmSC', '1977-09-16 00:00:00');
INSERT IGNORE INTO album(id, name, artist_id, release_date) VALUES ('3d7xzl9F5kB5quLHUVI20I', 'The Head and the Heart', '0n94vC3S9c3mb2HyNAOcjg', '2011-04-18 00:00:00');
INSERT IGNORE INTO album(id, name, artist_id, release_date) VALUES ('1979ERApWz1wTn3AgY3Wcz', 'LAst dAy oN EaRTh', '2kCO8LXN1usaOPL3iEE28I', '2022-01-13 00:00:00');
INSERT IGNORE INTO album(id, name, artist_id, release_date) VALUES ('6hqietEuZCikevdO2oGTcx', 'One Day Remains', '4DWX7u8BV0vZIQSpJQQDWU', '2004-08-10 00:00:00');
INSERT IGNORE INTO album(id, name, artist_id, release_date) VALUES ('3rxF05Aux0QTrN533Kjc91', 'Ace of Spades (Expanded Edition)', '1DFr97A9HnbV3SKTJFu62M', '1980-11-08 00:00:00');
INSERT IGNORE INTO album(id, name, artist_id, release_date) VALUES ('4vQ96yyyYbaeTQujH3iTtd', 'Comeblack', '27T030eWyCQRmDyuvr1kxY', '2011-11-04 00:00:00');
INSERT IGNORE INTO album(id, name, artist_id, release_date) VALUES ('71cfSO0iO1fjgQLEb3Wc6C', 'Love At First Sting', '27T030eWyCQRmDyuvr1kxY', '1984-03-27 00:00:00');
INSERT IGNORE INTO album(id, name, artist_id, release_date) VALUES ('6x75r5C54z1quun86Bbqbr', 'Blackout', '27T030eWyCQRmDyuvr1kxY', '1982-04-10 00:00:00');
INSERT IGNORE INTO album(id, name, artist_id, release_date) VALUES ('2uehY2zRsh0h6ZmJt8LLQi', 'Crimson Thunder', '2o18h28enlHxj887tATc58', '2002-10-28 00:00:00');
INSERT IGNORE INTO album(id, name, artist_id, release_date) VALUES ('3I9Z1nDCL4E0cP62flcbI5', 'Appetite For Destruction', '3qm84nBOXUEQ2vnTfUTTFC', '1987-07-21 00:00:00');
INSERT IGNORE INTO album(id, name, artist_id, release_date) VALUES ('2o2G49EPi4lua5zgxUKhLL', 'Reckless (30th Anniversary / Deluxe Edition)', '3Z02hBLubJxuFJfhacLSDc', '1984-11-05 00:00:00');
INSERT IGNORE INTO album(id, name, artist_id, release_date) VALUES ('1WFozsJ1CQfkuGcd9GjYTX', 'Saints and Sinners (2013 Remaster)', '3UbyYnvNIT5DFXU4WgiGpP', '1982-11-20 00:00:00');
INSERT IGNORE INTO album(id, name, artist_id, release_date) VALUES ('0ED1EFdYpBU4qj4iWFW0sg', 'Boulevard of Broken Dreams', '2TM0qnbJH4QPhGMCdPt7fH', '2014-06-17 00:00:00');
INSERT IGNORE INTO album(id, name, artist_id, release_date) VALUES ('4oruHZSLyTDKPNY2VQIlCS', 'Somewhere Far Beyond (Remastered 2007)', '7jxJ25p0pPjk0MStloN6o6', '1992-06-30 00:00:00');
INSERT IGNORE INTO album(id, name, artist_id, release_date) VALUES ('6S7oLnfl8vaUY50VcXAdqh', 'Living on a Prayer - Single', '6b0TUydvuFHiCMET4SZ0L2', '2009-01-01 00:00:00');
INSERT IGNORE INTO album(id, name, artist_id, release_date) VALUES ('4VzzEviJGYUtAeSsJlI9QB', 'Woodstock', '4kI8Ie27vjvonwaB2ePh8T', '2017-06-16 00:00:00');
INSERT IGNORE INTO album(id, name, artist_id, release_date) VALUES ('2XGFVYNHi4z3zwd3e2kNO1', 'Age Of Ignorance (Deluxe Edition)', '00YTqRClk82aMchQQpYMd5', '2013-06-18 00:00:00');
INSERT IGNORE INTO album(id, name, artist_id, release_date) VALUES ('073hIhdGDDOfOXDiYvO0kC', 'Schubert', '2p0UyoPfYfI76PCStuXfOP', '2019-03-15 00:00:00');
INSERT IGNORE INTO album(id, name, artist_id, release_date) VALUES ('5Q5m22P7jIwdMSKXqhrpaN', 'Chopin: Nocturnes - Sony Classical Originals', '7y97mc3bZRFXzT2szRM4L4', '1965-01-01 00:00:00');
INSERT IGNORE INTO album(id, name, artist_id, release_date) VALUES ('0oh508XnKox2kccQf7TKOO', 'Taito Não Engole Fichas', '3H6dCs0SepKvLefBhYIwCp', '2002-03-03 00:00:00');
INSERT IGNORE INTO album(id, name, artist_id, release_date) VALUES ('6t4LdKTNWIOr2PZIB8tiZF', 'Viva Hate (2011 Remaster)', '3iTsJGG39nMg9YiolUgLMQ', '1988-01-01 00:00:00');
INSERT IGNORE INTO album(id, name, artist_id, release_date) VALUES ('1pzKgYk9LdiXwU3aWAYyk3', 'Um Baião Em Lisboa', '6gXrC8TmqEWrnsm21YO7MM', '2014-03-01 00:00:00');
INSERT IGNORE INTO album(id, name, artist_id, release_date) VALUES ('5a7IYaMXvBbfKJRdsB2dWg', 'Earth Rocker', '161AC1AVRkIGIMxyj5djFQ', '2013-03-19 00:00:00');
INSERT IGNORE INTO album(id, name, artist_id, release_date) VALUES ('0sKcuounq52lm9hmFwEZN5', 'The House That Dirt Built', '0bZCak2tcRMY1dzEIuwF42', '2009-10-05 00:00:00');
INSERT IGNORE INTO album(id, name, artist_id, release_date) VALUES ('4JkTiX8mi8aEkAg8Pmal3c', 'Everybody Walkin\' This Land', '6yHM0XQEdu9sIlbILMaKBp', '2018-04-27 00:00:00');
INSERT IGNORE INTO album(id, name, artist_id, release_date) VALUES ('4G2rJNhsKOE6iHgtUqZ0Ye', 'Making Mirrors', '2AsusXITU8P25dlRNhcAbG', '2011-01-01 00:00:00');
INSERT IGNORE INTO track(id,name,duration,album_id,user_id) VALUES ('5FZxsHWIvUsmSK1IAvm2pp','Best of You',255.626,'2eprpJCYbCbPZRKVGIEJxZ','rqfru3l3ksuwwyq332j8c3i8g');
INSERT IGNORE INTO track(id,name,duration,album_id,user_id) VALUES ('7MJQ9Nfxzh8LPZ9e9u68Fq','Lose Yourself',320.626,'3CjuTytLZz3G9znXt2rJgU','rqfru3l3ksuwwyq332j8c3i8g');
INSERT IGNORE INTO track(id,name,duration,album_id,user_id) VALUES ('3cR6v2bOwqi7znC8P5Vs1T','Maracatu Atômico',284.173,'3cG4WKesy6hUXEPfPcdxs6','rqfru3l3ksuwwyq332j8c3i8g');
INSERT IGNORE INTO track(id,name,duration,album_id,user_id) VALUES ('0nLiqZ6A27jJri2VCalIUs','Nothing Else Matters',388.266,'2Kh43m04B1UkVcpcRa1Zug','rqfru3l3ksuwwyq332j8c3i8g');
INSERT IGNORE INTO track(id,name,duration,album_id,user_id) VALUES ('2pODQa20Qw9FeQUG7thOvQ','Meteor Gardens',170,'2X65dhdTy1z3hsaEsAkQB3','rqfru3l3ksuwwyq332j8c3i8g');
INSERT IGNORE INTO track(id,name,duration,album_id,user_id) VALUES ('6rLrVRpM8XY6UZAIl15JWV','I Apologize',242.956,'4KXYNMizBHgXUFM1UOUhoJ','rqfru3l3ksuwwyq332j8c3i8g');
INSERT IGNORE INTO track(id,name,duration,album_id,user_id) VALUES ('7e89621JPkKaeDSTQ3avtg','Sweet Home Alabama',283.8,'54V1ljNtyzAm053oJqi0SH','rqfru3l3ksuwwyq332j8c3i8g');
INSERT IGNORE INTO track(id,name,duration,album_id,user_id) VALUES ('7tCHpjktA50ihtkLz6bAnn','Ain\'t No Rest For The Wicked - Original Version',175.493,'0c1yNi1MuGlcNrCzU2kDVE','rqfru3l3ksuwwyq332j8c3i8g');
INSERT IGNORE INTO track(id,name,duration,album_id,user_id) VALUES ('63T7DJ1AFDD6Bn8VzG6JE8','Paint It, Black',202.266,'72qrnM4yUNMDDlWiqKc8iY','rqfru3l3ksuwwyq332j8c3i8g');
INSERT IGNORE INTO track(id,name,duration,album_id,user_id) VALUES ('2mlGPkAx4kwF8Df0GlScsC','Buttercup',208.026,'1RHa1VdX6lsLbeedgsV1cb','rqfru3l3ksuwwyq332j8c3i8g');
INSERT IGNORE INTO track(id,name,duration,album_id,user_id) VALUES ('5S5GRSDNdEPjNjj07gORMf','Back In The Game',205.506,'4ulIP4JbW6KegM8KNC02k5','rqfru3l3ksuwwyq332j8c3i8g');
INSERT IGNORE INTO track(id,name,duration,album_id,user_id) VALUES ('2gZUPNdnz5Y45eiGxpHGSc','POWER',292.093,'20r762YmB5HeofjMCiPMLv','rqfru3l3ksuwwyq332j8c3i8g');
INSERT IGNORE INTO track(id,name,duration,album_id,user_id) VALUES ('2F79HavLHwJlfvvJOkkIQD','The Cave',215.626,'0kjj3EUl6EOrKSC9iDurZq','rqfru3l3ksuwwyq332j8c3i8g');
INSERT IGNORE INTO track(id,name,duration,album_id,user_id) VALUES ('2gQaQUhDCNGfBVXTvxAmXQ','Shout',393.666,'7y7459SFZReE5Wec4hejv5','rqfru3l3ksuwwyq332j8c3i8g');
INSERT IGNORE INTO track(id,name,duration,album_id,user_id) VALUES ('2KrN3MCNztKcSleZgHEj83','Little Lion Man',245.173,'0kjj3EUl6EOrKSC9iDurZq','rqfru3l3ksuwwyq332j8c3i8g');
INSERT IGNORE INTO track(id,name,duration,album_id,user_id) VALUES ('1XZVOnryYteJ4pHRbjGMvV','Bohemian Rhapsodie',361.093,'3Bd7qpVG1usl3ehblGqKjl','rqfru3l3ksuwwyq332j8c3i8g');
INSERT IGNORE INTO track(id,name,duration,album_id,user_id) VALUES ('0tZ3mElWcr74OOhKEiNz1x','Bulls On Parade',229.466,'24E6rDvGDuYFjlGewp4ntF','rqfru3l3ksuwwyq332j8c3i8g');
INSERT IGNORE INTO track(id,name,duration,album_id,user_id) VALUES ('71WidxLZ2Xlmc3mpHteY6J','A Lizard State',259.746,'3nR8btC3svZmUktrXDBuRY','rqfru3l3ksuwwyq332j8c3i8g');
INSERT IGNORE INTO track(id,name,duration,album_id,user_id) VALUES ('0yVs7eSL8mPnIu2CGKHpUQ','Communication Breakdown - 1990 Remaster',147.933,'3ycjBixZf7S3WpC5WZhhUK','rqfru3l3ksuwwyq332j8c3i8g');
INSERT IGNORE INTO track(id,name,duration,album_id,user_id) VALUES ('7pn2efhCkZcPCM2zlR4RtY','Heat Above',341.255,'1rWkxCNuPFzDRFANL8lLnG','rqfru3l3ksuwwyq332j8c3i8g');
INSERT IGNORE INTO track(id,name,duration,album_id,user_id) VALUES ('6a1oXl78x3OrRvIesh9cuP','Blitzkrieg Bop',133.44,'20vKajIzB51eW494bDxzhc','rqfru3l3ksuwwyq332j8c3i8g');
INSERT IGNORE INTO track(id,name,duration,album_id,user_id) VALUES ('2TUto0WouwCzEvJVliqxnE','Told You So - A Tribute to Leslie Clio',184.502,'6GNIkXxAK4UoAe3uGfwpYf','rqfru3l3ksuwwyq332j8c3i8g');
INSERT IGNORE INTO track(id,name,duration,album_id,user_id) VALUES ('7vgTNTaEz3CsBZ1N4YQalM','Ghost Town',271.386,'2Ek1q2haOnxVqhvVKqMvJe','rqfru3l3ksuwwyq332j8c3i8g');
INSERT IGNORE INTO track(id,name,duration,album_id,user_id) VALUES ('2ab1xYXLiGMWKBKlMgoB62','Yours Is No Disgrace - 2003 Remaster',580.96,'4nQe6IzubN7cE7EWzrIvu4','rqfru3l3ksuwwyq332j8c3i8g');
INSERT IGNORE INTO track(id,name,duration,album_id,user_id) VALUES ('2SAqBLGA283SUiwJ3xOUVI','Laugh Now Cry Later (feat. Lil Durk)',261.492,'0qGdc7fNq9RNIPEzZufa43','rqfru3l3ksuwwyq332j8c3i8g');
INSERT IGNORE INTO track(id,name,duration,album_id,user_id) VALUES ('5g7rJvWYVrloJZwKiShqlS','Dirty Paws',278.373,'4p9dVvZDaZliSjTCbFRhJy','rqfru3l3ksuwwyq332j8c3i8g');
INSERT IGNORE INTO track(id,name,duration,album_id,user_id) VALUES ('5MxNLUsfh7uzROypsoO5qe','Dream On',266.96,'19lEZSnCCbVEkKchoPQWDZ','rqfru3l3ksuwwyq332j8c3i8g');
INSERT IGNORE INTO track(id,name,duration,album_id,user_id) VALUES ('1UvWx2hgpxlF7HPbwLSmIY','Anjos (Pra quem tem fé)',419.52,'6Dlr7qx33gN0uUahMs9u2a',12172090552);
INSERT IGNORE INTO track(id,name,duration,album_id,user_id) VALUES ('7M13FwBAKWNa2jqcZeUhL6','Love Generation - Radio Edit',204.798,'18K5xK91s36fWgIcfzkcEt',12172090552);
INSERT IGNORE INTO track(id,name,duration,album_id,user_id) VALUES ('74Es0YAvJFbFCZ6ULMcydb','Pontes Indestrutíveis',210.666,'0wHl2FK2AEhwIiYISv7cJ4',12172090552);
INSERT IGNORE INTO track(id,name,duration,album_id,user_id) VALUES ('0lPWEt7kSY37pSUIH68ME0','Minha alma (A paz que eu não quero)',303.773,'3I1bOo70cU0y7PprxCGgAs',12172090552);
INSERT IGNORE INTO track(id,name,duration,album_id,user_id) VALUES ('1f3yAtsJtY87CTmM8RLnxf','Smells Like Teen Spirit',301.92,'2uEf3r9i2bnxwJQsxQ0xQ7',12172090552);
INSERT IGNORE INTO track(id,name,duration,album_id,user_id) VALUES ('37ZJ0p5Jm13JPevGcx4SkF','Livin\' On A Prayer',249.293,'0kBfgEilUFCMIQY5IOjG4t',12172090552);
INSERT IGNORE INTO track(id,name,duration,album_id,user_id) VALUES ('57bgtoPSgt236HzfBOd8kj','Thunderstruck',292.88,'4vu7F6h90Br1ZtYYaqfITy',12172090552);
INSERT IGNORE INTO track(id,name,duration,album_id,user_id) VALUES ('2iXdwVdzA0KrI2Q0iZNJbX','Better Together',207.68,'2B9q4KPjOEYu885Keo9dfX',12172090552);
INSERT IGNORE INTO track(id,name,duration,album_id,user_id) VALUES ('0BgbobvykXxEvxo2HhCuvM','Banana Pancakes',191.906,'2B9q4KPjOEYu885Keo9dfX',12172090552);
INSERT IGNORE INTO track(id,name,duration,album_id,user_id) VALUES ('0aJrYfARfCKzv6gXjhs4SZ','Upside Down',209.546,'4nvgSs9EQXS5AIwprqq8OU',12172090552);
INSERT IGNORE INTO track(id,name,duration,album_id,user_id) VALUES ('1dnXuEuApvuVqQCn0v9McL','Sitting, Waiting, Wishing',183.72,'2B9q4KPjOEYu885Keo9dfX',12172090552);
INSERT IGNORE INTO track(id,name,duration,album_id,user_id) VALUES ('41Az1BCotlAUt7Ud8k6H2Y','Sunsets For Somebody Else',210.466,'1a15dDOiwz5ebSxk1ZeFB5',12172090552);
INSERT IGNORE INTO track(id,name,duration,album_id,user_id) VALUES ('6p8eFfPw3nQkf37aT3AkmK','Fear of the Dark - 2015 Remaster',438.12,'16Su3EUFLPqWVyrwN1q5wO',12172090552);
INSERT IGNORE INTO track(id,name,duration,album_id,user_id) VALUES ('0LwxCg69PRxrpTK1fhKL7I','I\'m Scum',189.976,'27NYgZQHcapoSAs5bWAxRI',12172090552);
INSERT IGNORE INTO track(id,name,duration,album_id,user_id) VALUES ('125FPswReMD9Ggvn69M7Ch','Crack Rock',224.146,'623Ef2ZEB3Njklix4PC0Rs','natanarozi');
INSERT IGNORE INTO track(id,name,duration,album_id,user_id) VALUES ('5M4yti0QxgqJieUYaEXcpw','Eventually',318.591,'79dL7FLiJFOO0EoehUHQBv',12148580783);
INSERT IGNORE INTO track(id,name,duration,album_id,user_id) VALUES ('4iVTSRiJAA18d3QglhyJ6Q','A Forest',354.64,'6hmiQJ6FbPEQIDeKEIKSck',12148580783);
INSERT IGNORE INTO track(id,name,duration,album_id,user_id) VALUES ('75WFyYrXPMAWyN6jOBB7IC','Good Song',187.68,'68P7oIUK327pt5tDIZJd63',12148580783);
INSERT IGNORE INTO track(id,name,duration,album_id,user_id) VALUES ('5JKnYZOhSP7rOK0jPYcCjV','t r a n s p a r e n t s o u l feat. Travis Barker',168.398,'1dg0gmrCaEbENVXpPIvi1m',12148580783);
INSERT IGNORE INTO track(id,name,duration,album_id,user_id) VALUES ('5mCPDVBb16L4XQwDdbRUpz','Passionfruit',298.94,'1lXY618HWkwYKJWBRYR4MK',12148580783);
INSERT IGNORE INTO track(id,name,duration,album_id,user_id) VALUES ('0ley5WMA07RsAouQ2KfbhD','Woman',176.306,'747qcmgpdnnIG6lIBwNKhO',12183934038);
INSERT IGNORE INTO track(id,name,duration,album_id,user_id) VALUES ('22ozLoeAPXes0YtRNmA1ft','N.I.B.',366.4,'3kloiihScLGVQVI1uHvdsd',12183934038);
INSERT IGNORE INTO track(id,name,duration,album_id,user_id) VALUES ('2QpGZOhTCHHiKmpSO9FW4h','Follow God',104.591,'0FgZKfoU2Br5sHOfvZKTI9','natanarozi');
INSERT IGNORE INTO track(id,name,duration,album_id,user_id) VALUES ('7bL1egNt9zVAIhZ6Sndb5Y','Violin Sonata in G Minor \"Devil\'s Trill\": I. Larghetto affetuoso - Allegro',410.906,'68EsYRtDWn6RxWG3qErVI4','22i3scg7wazsosc4mx7rwkmeq');
INSERT IGNORE INTO track(id,name,duration,album_id,user_id) VALUES ('4V3N5LvUOh3yDPP16cwAhE','Aquemini',319.24,'5ceB3rxgXqIRpsOvVzTG28','natanarozi');
INSERT IGNORE INTO track(id,name,duration,album_id,user_id) VALUES ('4pTB18dbtjTTCLkybdylX6','Nocturnes, Op. 9: No. 1 in B flat major. Larghetto',352.8,'2EJIGjaVFq9PKinjyA9yOn','22i3scg7wazsosc4mx7rwkmeq');
INSERT IGNORE INTO track(id,name,duration,album_id,user_id) VALUES ('7eqoqGkKwgOaWNNHx90uEZ','Nights',307.151,'3mH6qwIy9crq0I9YQbOuDf','brunaum-br');
INSERT IGNORE INTO track(id,name,duration,album_id,user_id) VALUES ('3EG9FJ0ToLfgnc1IG2Z1wz','SWEET / I THOUGHT YOU WANTED TO DANCE (feat. Brent Faiyaz & Fana Hues)',588.139,'45ba6QAtNrdv6Ke4MFOKk9','brunaum-br');
INSERT IGNORE INTO track(id,name,duration,album_id,user_id) VALUES ('7oOOI85fVQvVnK5ynNMdW7','Rock with You - Single Version',220.626,'2ZytN2cY4Zjrr9ukb2rqTP','natanarozi');
INSERT IGNORE INTO track(id,name,duration,album_id,user_id) VALUES ('5hVghJ4KaYES3BFUATCYn0','EARFQUAKE',190.066,'5zi7WsKlIiUXv09tbGLKsE','brunaum-br');
INSERT IGNORE INTO track(id,name,duration,album_id,user_id) VALUES ('3DK6m7It6Pw857FcQftMds','Runaway',547.733,'20r762YmB5HeofjMCiPMLv','brunaum-br');
INSERT IGNORE INTO track(id,name,duration,album_id,user_id) VALUES ('722tgOgdIbNe3BEyLnejw4','Black Skinhead',188.013,'7D2NdGvBHIavgLhmcwhluK','natanarozi');
INSERT IGNORE INTO track(id,name,duration,album_id,user_id) VALUES ('4IroNECciKcq3M2QtSTus7','Playground',213.797,'3IhDL1HDvlujs6ZcIfL9gE','natanarozi');
INSERT IGNORE INTO track(id,name,duration,album_id,user_id) VALUES ('5tqZJUHEuqdN12RZVq2l9p','Hold On',406.466,'27ThgFMUAx3MXLQ297DzWF','natanarozi');
INSERT IGNORE INTO track(id,name,duration,album_id,user_id) VALUES ('0Epl79nHvdyTdZRAiWpJah','REVOFEV',183.173,'08eM9GRdr5BCCHNqS3Wwud','natanarozi');
INSERT IGNORE INTO track(id,name,duration,album_id,user_id) VALUES ('5qaSekPPKHIEA1Yn0qkCaC','Every Rose Has Its Thorn',260.224,'1XKDdHnYVcbcguSX2pXoP8','luks_bc');
INSERT IGNORE INTO track(id,name,duration,album_id,user_id) VALUES ('0MHXrqn909p0LRTPsNsGEi','Move on Up',165.789,'2EwoYRFQRJqw7BTVG6GlTw','natanarozi');
INSERT IGNORE INTO track(id,name,duration,album_id,user_id) VALUES ('3cahGAUUQ0n55EjLBs2Wjo','Today - 2011 Remaster',201.173,'2Qs2SpclDToB087fLolhCN','eqnz51ci3tqf4hl42w3zhl3e8');
INSERT IGNORE INTO track(id,name,duration,album_id,user_id) VALUES ('5HeCSl5n5OALwKGVOEYTSO','Angouleme',121.134,'6cZLQamvGf2o04u2pxjzFg','natanarozi');
INSERT IGNORE INTO track(id,name,duration,album_id,user_id) VALUES ('7HaTB2BcsU91RSyoxotekU','Silent Lucidity',324.573,'4ddqJxiDOtleIi80dGvGVI','3gmdg6fye0owgwyr6bm0wls7j');
INSERT IGNORE INTO track(id,name,duration,album_id,user_id) VALUES ('5CTAcf8aS0a0sIsDwQRF9C','Bicycle Race - Remastered 2011',180.813,'2yuTRGIackbcReLUXOYBqU','22ugecsbmu7nx7tr3wwa6zpaa');
INSERT IGNORE INTO track(id,name,duration,album_id,user_id) VALUES ('1ZcN6PlhKWUacWjDC7uRsB','Sins of The Father',294,'3XnG6qQYsUjHvxPNLooQTT','3gmdg6fye0owgwyr6bm0wls7j');
INSERT IGNORE INTO track(id,name,duration,album_id,user_id) VALUES ('754WgEesWgssZG3XzU9XcG','Nuclear',303.986,'05tYzb5o4rZaOEr6K4cNSC','3gmdg6fye0owgwyr6bm0wls7j');
INSERT IGNORE INTO track(id,name,duration,album_id,user_id) VALUES ('28cnXtME493VX9NOw9cIUh','Hurt',216.533,'2BlL4Gv2DLPu8p58Wcmlm9','3gmdg6fye0owgwyr6bm0wls7j');
INSERT IGNORE INTO track(id,name,duration,album_id,user_id) VALUES ('1wTuMYmA3AJC7zKg6cuu19','Principia (feat. Fabiana Cozza, Pastor Henrique Vieira & Pastoras do Rosário)',355.866,'5cUY5chmS86cdonhoFdn8h','312wzkdxgmzz2ddvth7wqy5qbede');
INSERT IGNORE INTO track(id,name,duration,album_id,user_id) VALUES ('0uEp9E98JB5awlA084uaIg','Doo Wop (That Thing)',320.266,'1BZoqf8Zje5nGdwZhOjAtD','312wzkdxgmzz2ddvth7wqy5qbede');
INSERT IGNORE INTO track(id,name,duration,album_id,user_id) VALUES ('4L4JcyDKLGqA2D3Gx9ou08','Sobre Nós',219.6,'5QISdOku9kUmUBRxGAUSFT','312wzkdxgmzz2ddvth7wqy5qbede');
INSERT IGNORE INTO track(id,name,duration,album_id,user_id) VALUES ('4ZsyrBZX0YMopDJjGpva5j','Flor de Tangerina',181.869,'26AN4W43LfbU8OYI684Z19','312wzkdxgmzz2ddvth7wqy5qbede');
INSERT IGNORE INTO track(id,name,duration,album_id,user_id) VALUES ('3trkXBNVXzAUFInNijtfw7','Flor de Aruanda - Citação: Feminina',183.146,'0kwClqW6ZjFBmyfVI7oEpG','312wzkdxgmzz2ddvth7wqy5qbede');
INSERT IGNORE INTO track(id,name,duration,album_id,user_id) VALUES ('7EYv3adMrIC5mqurz7fHhD','Superhero',179.224,'2TKC9e7mRbxOVx1HbgKHR0','luks_bc');
INSERT IGNORE INTO track(id,name,duration,album_id,user_id) VALUES ('0wzRcekWyVCSyPtlPOeJau','Go With The Flow',187.146,'4w3NeXtywU398NYW4903rY','eqnz51ci3tqf4hl42w3zhl3e8');
INSERT IGNORE INTO track(id,name,duration,album_id,user_id) VALUES ('23SZWX2IaDnxmhFsSLvkG2','Gorgeous',357.653,'20r762YmB5HeofjMCiPMLv','22x7pmym3ul3q4k6eaf5sqilq');
INSERT IGNORE INTO track(id,name,duration,album_id,user_id) VALUES ('4S4Mfvv03M1cHgIOJcbUCL','In My Room',133.68,'71VX8yv9T2hNIYVZJVUWVp','22x7pmym3ul3q4k6eaf5sqilq');
INSERT IGNORE INTO track(id,name,duration,album_id,user_id) VALUES ('6Nle9hKrkL1wQpwNfEkxjh','Chanel',210.285,'6OGzmhzHcjf0uN9j7dYvZH','22x7pmym3ul3q4k6eaf5sqilq');
INSERT IGNORE INTO track(id,name,duration,album_id,user_id) VALUES ('6IZvVAP7VPPnsGX6bvgkqg','PRIDE.',275.253,'4eLPsYPBmXABThSJ821sqY','22x7pmym3ul3q4k6eaf5sqilq');
INSERT IGNORE INTO track(id,name,duration,album_id,user_id) VALUES ('6u3CPnFMKANYgfdiifFOiJ','Gravity (feat. Tyler, The Creator)',214.692,'6ymw9w3tGhxVGBskQAhsvm','22x7pmym3ul3q4k6eaf5sqilq');
INSERT IGNORE INTO track(id,name,duration,album_id,user_id) VALUES ('2Y0iGXY6m6immVb2ktbseM','Little Dark Age',299.96,'7GjVWG39IOj4viyWplJV4H','22x7pmym3ul3q4k6eaf5sqilq');
INSERT IGNORE INTO track(id,name,duration,album_id,user_id) VALUES ('0q6LuUqGLUiCPP1cbdwFs3','On Melancholy Hill',233.866,'2dIGnmEIy1WZIcZCFSj6i8','22x7pmym3ul3q4k6eaf5sqilq');
INSERT IGNORE INTO track(id,name,duration,album_id,user_id) VALUES ('24DaDLmSzMMmiQIwaU2BxA','Attitude',79.853,'4NpepcKo9rQ8nkdCB6iWMP','natanarozi');
INSERT IGNORE INTO track(id,name,duration,album_id,user_id) VALUES ('4VFGpluBaU1WcquEMzhSz6','Wild Blue',252.413,'2JmfwvRDitJlTUoLCkp61z','76j3zhuxdmtuu8vz8jirri3vo');
INSERT IGNORE INTO track(id,name,duration,album_id,user_id) VALUES ('239yM7BAQ2CkNc61ogPGXo','Shot in the Dark',249.08,'2JmfwvRDitJlTUoLCkp61z','76j3zhuxdmtuu8vz8jirri3vo');
INSERT IGNORE INTO track(id,name,duration,album_id,user_id) VALUES ('3hwjxbqGvTRUPi38fLgeM7','Why You No Love Me',255.213,'2JmfwvRDitJlTUoLCkp61z','76j3zhuxdmtuu8vz8jirri3vo');
INSERT IGNORE INTO track(id,name,duration,album_id,user_id) VALUES ('3MthJpM1IEYp2ulZe00LvP','Shouldn\'t Matter but It Does',236.733,'2JmfwvRDitJlTUoLCkp61z','76j3zhuxdmtuu8vz8jirri3vo');
INSERT IGNORE INTO track(id,name,duration,album_id,user_id) VALUES ('4ehkZtzPTbjsRULRfQSWYu','Inside Friend (feat. John Mayer)',175.432,'2zYmSJZxBTCvDYBAEcixyV','76j3zhuxdmtuu8vz8jirri3vo');
INSERT IGNORE INTO track(id,name,duration,album_id,user_id) VALUES ('5jdvRj8zXHJ7XpKsBKT9CZ','Howlin\' For You',191.8,'0gVxPZ2tcMgyzLxyw8k1z7',12183934038);
INSERT IGNORE INTO track(id,name,duration,album_id,user_id) VALUES ('3aCKAkMx3yfaj3AO5Gz47e','Human After All',319.879,'2T7DdrOvsqOqU9bGTkjBYu','brunaum-br');
INSERT IGNORE INTO track(id,name,duration,album_id,user_id) VALUES ('5CMjjywI0eZMixPeqNd75R','Lose Yourself to Dance (feat. Pharrell Williams)',353.893,'4m2880jivSbbyEGAKfITCa','brunaum-br');
INSERT IGNORE INTO track(id,name,duration,album_id,user_id) VALUES ('1iNeZGJsoC0D7ZyJTdIbDS','Technologic',284.28,'2T7DdrOvsqOqU9bGTkjBYu','brunaum-br');
INSERT IGNORE INTO track(id,name,duration,album_id,user_id) VALUES ('11xOwUHV7P1q7UpEQuMIrx','Table For 2',176.283,'3eH0FdLqQtwQepYe6PazQw',12183934038);
INSERT IGNORE INTO track(id,name,duration,album_id,user_id) VALUES ('6L5eyrIlO6GkRJAdqQEThe','Mad World',153.303,'12qv1aPM9tCeCXk56qIqYv',12183934038);
INSERT IGNORE INTO track(id,name,duration,album_id,user_id) VALUES ('5T8EDUDqKcs6OSOwEsfqG7','Don\'t Stop Me Now - Remastered 2011',209.413,'2yuTRGIackbcReLUXOYBqU',12183934038);
INSERT IGNORE INTO track(id,name,duration,album_id,user_id) VALUES ('08mG3Y1vljYA6bvDt4Wqkj','Back In Black',255.493,'6mUdeDZCsExyJLMdAfDuwh',12183934038);
INSERT IGNORE INTO track(id,name,duration,album_id,user_id) VALUES ('1TfqLAPs4K3s2rJMoCokcS','Sweet Dreams (Are Made of This) - Remastered',216.933,'5jNDWA19BJbE24x1UUJGRY',12183934038);
INSERT IGNORE INTO track(id,name,duration,album_id,user_id) VALUES ('2nwCO1PqpvyoFIvq3Vrj8N','These Boots Are Made For Walkin\'',166.008,'62FTy4WqUxi3paBlxOhh4M',12183934038);
INSERT IGNORE INTO track(id,name,duration,album_id,user_id) VALUES ('31tf1qEai5o5f4r66Kd0pU','Me and Your Mama',379.226,'4Carzsnpd6yvuHZ49I0oz8','natanarozi');
INSERT IGNORE INTO track(id,name,duration,album_id,user_id) VALUES ('3grM7XFXsz6NdtIqogedeN','International Feel - 2015 Remaster',170.133,'1RSC0dy1oOIS3RO8tomZOV','natanarozi');
INSERT IGNORE INTO track(id,name,duration,album_id,user_id) VALUES ('42ZrMq4BKsWDrrbMnMRYaK','Jail',297,'340MjPcVdiQRnMigrPybZA','brunaum-br');
INSERT IGNORE INTO track(id,name,duration,album_id,user_id) VALUES ('1aF9TeHZbe6OVo9dtjPuzK','Junya',147.668,'340MjPcVdiQRnMigrPybZA','brunaum-br');
INSERT IGNORE INTO track(id,name,duration,album_id,user_id) VALUES ('73uxnSsFMeJ15POpd3zgrV','Believe What I Say',242.4,'340MjPcVdiQRnMigrPybZA','brunaum-br');
INSERT IGNORE INTO track(id,name,duration,album_id,user_id) VALUES ('2Rd4eJ4KwXQQn2sMSToyUM','Moon',156.091,'340MjPcVdiQRnMigrPybZA','brunaum-br');
INSERT IGNORE INTO track(id,name,duration,album_id,user_id) VALUES ('1QCqedB1ibmRO9x7Ikb5LI','Ok Ok pt 2',204.629,'340MjPcVdiQRnMigrPybZA','brunaum-br');
INSERT IGNORE INTO track(id,name,duration,album_id,user_id) VALUES ('68dNBecAvWSiSDopshj9hW','Repetition',274.626,'3bv0NUg3BXwT5Uh4PW4zUD','3gmdg6fye0owgwyr6bm0wls7j');
INSERT IGNORE INTO track(id,name,duration,album_id,user_id) VALUES ('57sHAPh3PF6FOlUlQnDP6j','Running',466.8,'3bv0NUg3BXwT5Uh4PW4zUD','3gmdg6fye0owgwyr6bm0wls7j');
INSERT IGNORE INTO track(id,name,duration,album_id,user_id) VALUES ('0GFYwFDhvlRSvMQLEQ4rg1','Bent to Fly',296.706,'0HBgPC1vbZUmQziDZS78Rg','3gmdg6fye0owgwyr6bm0wls7j');
INSERT IGNORE INTO track(id,name,duration,album_id,user_id) VALUES ('7MPMCtpkmI8r1IiJsjAdEc','Whisper Whisper',206.6,'1s6BI47HpSDadSLxWmsJoj',12183934038);
INSERT IGNORE INTO track(id,name,duration,album_id,user_id) VALUES ('0UeYCHOETPfai02uskjJ3x','Shooting Stars',235.813,'6zVi5jNALX1GeD3MxiFmqo','3gmdg6fye0owgwyr6bm0wls7j');
INSERT IGNORE INTO track(id,name,duration,album_id,user_id) VALUES ('2UDumaw7osnyjH7RZ2DLpB','I Am Machine',200.146,'0YkHsU3Mblh7jvNngbV20W','3gmdg6fye0owgwyr6bm0wls7j');
INSERT IGNORE INTO track(id,name,duration,album_id,user_id) VALUES ('1BY1Vd2Bt6JPOhMvsIwtVv','Dancing With Myself',359.733,'2PSsUGkAAAnBmUUSNBU6se',12183934038);
INSERT IGNORE INTO track(id,name,duration,album_id,user_id) VALUES ('7kcH6F26N74bT4CU8EP99a','Let\'s Go! - Original Extended Mix',363.75,'1H6xvsnD2JmEtJTvd032gx',12183934038);
INSERT IGNORE INTO track(id,name,duration,album_id,user_id) VALUES ('30pVSKdzBpZ9Np4Y2bJbFM','Fuego',188.852,'4UzyEKZKmEIKT1KkWO3Crp',12183934038);
INSERT IGNORE INTO track(id,name,duration,album_id,user_id) VALUES ('7uF4XVBeZeWsjhioGUhI47','Byob',259.693,'1LrjVxiPQecTh1LugY8jPm',12183934038);
INSERT IGNORE INTO track(id,name,duration,album_id,user_id) VALUES ('563yuGweEqRVQtjfsDVRyK','Não Me Sinto Mal Mais',265.355,'3GkFmC2guCvyAkcaS95nhc','brunolaerte');
INSERT IGNORE INTO track(id,name,duration,album_id,user_id) VALUES ('6Rqn2GFlmvmV4w9Ala0I1e','Feeling Good',174,'3ofZeSWPHZOE5WC2tNZDez',12164338554);
INSERT IGNORE INTO track(id,name,duration,album_id,user_id) VALUES ('3YuaBvuZqcwN3CEAyyoaei','Like a Stone',293.96,'78guAsers0klWl6RwzgDLd',12164338554);
INSERT IGNORE INTO track(id,name,duration,album_id,user_id) VALUES ('79pY2Z5eFvXMt9bSdHLrnA','I Am Mine',215.333,'7AOWw68DEPnDmTpquZw8bG',12164338554);
INSERT IGNORE INTO track(id,name,duration,album_id,user_id) VALUES ('4jFZZy3YQ4t6gXkVuRc7F4','My Sacrifice - Radio Edit',259.666,'6mOXPtswKccKSx5dYmCXAc',12164338554);
INSERT IGNORE INTO track(id,name,duration,album_id,user_id) VALUES ('0DUaFpOFS5H8LbswpbcP2m','Black - Kaufman Astoria Studios - MTV Unplugged - New York, NY 3/16/1992',339.96,'1z6iuIsvWR3AjWhMY2xFOk',12164338554);
INSERT IGNORE INTO track(id,name,duration,album_id,user_id) VALUES ('3RptaQ5Xb8WvtpItZ2f9Hi','Snuff',276.146,'0hFWapnP7orzXCMwNU5DuA',12164338554);
INSERT IGNORE INTO track(id,name,duration,album_id,user_id) VALUES ('5NeIONQWJ25uPylJBJiO4c','Through Glass',282.946,'0dZB8UHYsM7jKmm7ByzAVq',12164338554);
INSERT IGNORE INTO track(id,name,duration,album_id,user_id) VALUES ('2FML7gk7ac6quGFIjvkDb3','Dear God',393.48,'3Id3VUk9jSKBD1guNo1buF',12164338554);
INSERT IGNORE INTO track(id,name,duration,album_id,user_id) VALUES ('7qYwkz7t9JeEl2qFXfI47S','Let Me Down',188,'41rLKAOZZIcG5SFBaDBBxP',12164338554);
INSERT IGNORE INTO track(id,name,duration,album_id,user_id) VALUES ('0uyDAijTR0tOuH24hxDhE5','Novacaine',169.52,'6bFbVc6Ozp6OEk7ueSqCxo',12164338554);
INSERT IGNORE INTO track(id,name,duration,album_id,user_id) VALUES ('3td69vL9Py7Ai9wfXYnvji','When You Die',263.88,'7GjVWG39IOj4viyWplJV4H','lgoqhm2ffbrduxlyttdvxn1pw');
INSERT IGNORE INTO track(id,name,duration,album_id,user_id) VALUES ('0XCi1CzCzLEqXNKLxx7env','Movie',202.607,'1iOoQUF7b9rcnsSAkFvgqm','nepumxrk51mm4chl8vq043m3t');
INSERT IGNORE INTO track(id,name,duration,album_id,user_id) VALUES ('1CRVvwUopaV42bAEvoh194','I\'ve Got All This Ringing In My Ears And None On My Fingers',246.533,'0hHopYqXhuvYSHtVyrcb1g','nepumxrk51mm4chl8vq043m3t');
INSERT IGNORE INTO track(id,name,duration,album_id,user_id) VALUES ('4kP69y3GKHi9tXckfgp4bK','For Once In My Life',169.8,'3pPBbp1Nl9n1AM9xFpdKtZ','nepumxrk51mm4chl8vq043m3t');
INSERT IGNORE INTO track(id,name,duration,album_id,user_id) VALUES ('7GJClzimvMSghjcrKxuf1M','Budapest',200.72,'5tF2lAa2rh2kU2xIiBzWia','nepumxrk51mm4chl8vq043m3t');
INSERT IGNORE INTO track(id,name,duration,album_id,user_id) VALUES ('1i6N76fftMZhijOzFQ5ZtL','Psycho Killer - 2005 Remaster',261.413,'5eqcF7pWzHgWpGdEmHgeSN','nepumxrk51mm4chl8vq043m3t');
INSERT IGNORE INTO track(id,name,duration,album_id,user_id) VALUES ('1VwJcYyhfIL45OnOwIC1gi','Down in the Valley',303.653,'3d7xzl9F5kB5quLHUVI20I','nepumxrk51mm4chl8vq043m3t');
INSERT IGNORE INTO track(id,name,duration,album_id,user_id) VALUES ('0fVDu1evgjX9CFD0cmuRrM','LAst dAy oN EaRTh',172.755,'1979ERApWz1wTn3AgY3Wcz','nepumxrk51mm4chl8vq043m3t');
INSERT IGNORE INTO track(id,name,duration,album_id,user_id) VALUES ('3Gbyl3XZVeEcnFPiiPR09n','Open Your Eyes',298.6,'6hqietEuZCikevdO2oGTcx','grazzianofagundes');
INSERT IGNORE INTO track(id,name,duration,album_id,user_id) VALUES ('7ePjtuqKqa0ZbzznCNqiEf','Broken Wings',306.6,'6hqietEuZCikevdO2oGTcx','grazzianofagundes');
INSERT IGNORE INTO track(id,name,duration,album_id,user_id) VALUES ('5sICkBXVmaCQk5aISGR3x1','Enter Sandman',331.266,'2Kh43m04B1UkVcpcRa1Zug','grazzianofagundes');
INSERT IGNORE INTO track(id,name,duration,album_id,user_id) VALUES ('6EPRKhUOdiFSQwGBRBbvsZ','Ace of Spades',166.92,'3rxF05Aux0QTrN533Kjc91','grazzianofagundes');
INSERT IGNORE INTO track(id,name,duration,album_id,user_id) VALUES ('0RdUX4WE0fO30VnlUbDVL6','Still Loving You',403.453,'4vQ96yyyYbaeTQujH3iTtd','grazzianofagundes');
INSERT IGNORE INTO track(id,name,duration,album_id,user_id) VALUES ('58XWGx7KNNkKneHdprcprX','Rock You Like A Hurricane',252.493,'71cfSO0iO1fjgQLEb3Wc6C','grazzianofagundes');
INSERT IGNORE INTO track(id,name,duration,album_id,user_id) VALUES ('26fZwf1ImE4aUJ4XaqOkUg','No One Like You',237.466,'6x75r5C54z1quun86Bbqbr','grazzianofagundes');
INSERT IGNORE INTO track(id,name,duration,album_id,user_id) VALUES ('0eV3PB3T0OxW4feG1DlOjQ','Hearts on Fire',231.386,'2uehY2zRsh0h6ZmJt8LLQi','grazzianofagundes');
INSERT IGNORE INTO track(id,name,duration,album_id,user_id) VALUES ('7o2CTH4ctstm8TNelqjb51','Sweet Child O\' Mine',354.52,'3I9Z1nDCL4E0cP62flcbI5','grazzianofagundes');
INSERT IGNORE INTO track(id,name,duration,album_id,user_id) VALUES ('7Ewz6bJ97vUqk5HdkvguFQ','Heaven',243.36,'2o2G49EPi4lua5zgxUKhLL','grazzianofagundes');
INSERT IGNORE INTO track(id,name,duration,album_id,user_id) VALUES ('567EwOGPAXg7Y9DQZTEFEE','Here I Go Again - 2011 Remaster',308.24,'1WFozsJ1CQfkuGcd9GjYTX','grazzianofagundes');
INSERT IGNORE INTO track(id,name,duration,album_id,user_id) VALUES ('5RbRkgIzbdWdrzodyOasIj','Boulevard of Broken Dreams',220,'0ED1EFdYpBU4qj4iWFW0sg','grazzianofagundes');
INSERT IGNORE INTO track(id,name,duration,album_id,user_id) VALUES ('7xPGvZaG9W7UOrCgEwbONe','The Bard\'s Song - In the Forest - Remastered 2007',189.893,'4oruHZSLyTDKPNY2VQIlCS','grazzianofagundes');
INSERT IGNORE INTO track(id,name,duration,album_id,user_id) VALUES ('0oerlffJSzhRVvtDfLcp3N','Wanted Dead Or Alive',308.666,'0kBfgEilUFCMIQY5IOjG4t','grazzianofagundes');
INSERT IGNORE INTO track(id,name,duration,album_id,user_id) VALUES ('6mC0FG7ZekekFoUrHPLXp3','Living on a Prayer',241.586,'6S7oLnfl8vaUY50VcXAdqh','grazzianofagundes');
INSERT IGNORE INTO track(id,name,duration,album_id,user_id) VALUES ('6QgjcU0zLnzq5OrUoSZ3OK','Feel It Still',163.253,'4VzzEviJGYUtAeSsJlI9QB',12186200046);
INSERT IGNORE INTO track(id,name,duration,album_id,user_id) VALUES ('77WO0JSWRfhu0ek3Zp2amk','Skyfall',249.411,'2XGFVYNHi4z3zwd3e2kNO1',12164338554);
INSERT IGNORE INTO track(id,name,duration,album_id,user_id) VALUES ('1Uld5u6GAksDqd6K8xnmGS','4 Impromptus, Op. 90, D. 899: No. 3 in G-flat major',377.506,'073hIhdGDDOfOXDiYvO0kC','zhk30cufy1qzmluyt0amo79fs');
INSERT IGNORE INTO track(id,name,duration,album_id,user_id) VALUES ('2ZSga0mI1m1wNpxj5ZXVs6','Nocturnes, Op. 55: No. 1 in F Minor',341.04,'5Q5m22P7jIwdMSKXqhrpaN','zhk30cufy1qzmluyt0amo79fs');
INSERT IGNORE INTO track(id,name,duration,album_id,user_id) VALUES ('6wyPwf9v88lThIOJ34FVqr','O Mundo em Joey',205.2,'0oh508XnKox2kccQf7TKOO','vogz82wctrm4ywfrt31dq0awr');
INSERT IGNORE INTO track(id,name,duration,album_id,user_id) VALUES ('0kA5scXMiaO5Ms2GQ4pRWa','Suedehead - 2011 Remaster',235.52,'6t4LdKTNWIOr2PZIB8tiZF','vogz82wctrm4ywfrt31dq0awr');
INSERT IGNORE INTO track(id,name,duration,album_id,user_id) VALUES ('6ijn73ViuEm0otejT1SrOX','Cheira Bem',273.789,'1pzKgYk9LdiXwU3aWAYyk3','vogz82wctrm4ywfrt31dq0awr');
INSERT IGNORE INTO track(id,name,duration,album_id,user_id) VALUES ('1iiiUsO0ZjjezatRT2dl2M','Gone Cold',260.946,'5a7IYaMXvBbfKJRdsB2dWg',12164338554);
INSERT IGNORE INTO track(id,name,duration,album_id,user_id) VALUES ('7JOizhmt3HlBgQyJEa0AgK','Short Change Hero',322.266,'0sKcuounq52lm9hmFwEZN5',12164338554);
INSERT IGNORE INTO track(id,name,duration,album_id,user_id) VALUES ('7LXLgoroFNCQQpMQt0tMA7','Everybody Walkin\' This Land',186.111,'4JkTiX8mi8aEkAg8Pmal3c',12164338554);
INSERT IGNORE INTO track(id,name,duration,album_id,user_id) VALUES ('1qDrWA6lyx8cLECdZE7TV7','Somebody That I Used To Know',244.884,'4G2rJNhsKOE6iHgtUqZ0Ye',12164338554);
INSERT IGNORE INTO genres(genre) VALUES ('alternative metal');
INSERT IGNORE INTO genres(genre) VALUES ('alternative rock');
INSERT IGNORE INTO genres(genre) VALUES ('modern rock');
INSERT IGNORE INTO genres(genre) VALUES ('permanent wave');
INSERT IGNORE INTO genres(genre) VALUES ('post-grunge');
INSERT IGNORE INTO genres(genre) VALUES ('rock');
INSERT IGNORE INTO genres(genre) VALUES ('detroit hip hop');
INSERT IGNORE INTO genres(genre) VALUES ('hip hop');
INSERT IGNORE INTO genres(genre) VALUES ('rap');
INSERT IGNORE INTO genres(genre) VALUES ('afrofuturismo brasileiro');
INSERT IGNORE INTO genres(genre) VALUES ('bossa nova');
INSERT IGNORE INTO genres(genre) VALUES ('brazilian hip hop');
INSERT IGNORE INTO genres(genre) VALUES ('brazilian indie');
INSERT IGNORE INTO genres(genre) VALUES ('brazilian reggae');
INSERT IGNORE INTO genres(genre) VALUES ('brazilian rock');
INSERT IGNORE INTO genres(genre) VALUES ('coco');
INSERT IGNORE INTO genres(genre) VALUES ('hard rock brasileiro');
INSERT IGNORE INTO genres(genre) VALUES ('manguebeat');
INSERT IGNORE INTO genres(genre) VALUES ('mpb');
INSERT IGNORE INTO genres(genre) VALUES ('hard rock');
INSERT IGNORE INTO genres(genre) VALUES ('metal');
INSERT IGNORE INTO genres(genre) VALUES ('old school thrash');
INSERT IGNORE INTO genres(genre) VALUES ('thrash metal');
INSERT IGNORE INTO genres(genre) VALUES ('groove metal');
INSERT IGNORE INTO genres(genre) VALUES ('nu metal');
INSERT IGNORE INTO genres(genre) VALUES ('album rock');
INSERT IGNORE INTO genres(genre) VALUES ('blues rock');
INSERT IGNORE INTO genres(genre) VALUES ('classic rock');
INSERT IGNORE INTO genres(genre) VALUES ('country rock');
INSERT IGNORE INTO genres(genre) VALUES ('mellow gold');
INSERT IGNORE INTO genres(genre) VALUES ('southern rock');
INSERT IGNORE INTO genres(genre) VALUES ('punk blues');
INSERT IGNORE INTO genres(genre) VALUES ('british invasion');
INSERT IGNORE INTO genres(genre) VALUES ('pittsburgh indie');
INSERT IGNORE INTO genres(genre) VALUES ('glam metal');
INSERT IGNORE INTO genres(genre) VALUES ('chicago rap');
INSERT IGNORE INTO genres(genre) VALUES ('modern folk rock');
INSERT IGNORE INTO genres(genre) VALUES ('pop rock');
INSERT IGNORE INTO genres(genre) VALUES ('stomp and holler');
INSERT IGNORE INTO genres(genre) VALUES ('uk americana');
INSERT IGNORE INTO genres(genre) VALUES ('new romantic');
INSERT IGNORE INTO genres(genre) VALUES ('new wave');
INSERT IGNORE INTO genres(genre) VALUES ('new wave pop');
INSERT IGNORE INTO genres(genre) VALUES ('soft rock');
INSERT IGNORE INTO genres(genre) VALUES ('sophisti-pop');
INSERT IGNORE INTO genres(genre) VALUES ('synthpop');
INSERT IGNORE INTO genres(genre) VALUES ('british orchestra');
INSERT IGNORE INTO genres(genre) VALUES ('orchestra');
INSERT IGNORE INTO genres(genre) VALUES ('conscious hip hop');
INSERT IGNORE INTO genres(genre) VALUES ('funk metal');
INSERT IGNORE INTO genres(genre) VALUES ('political hip hop');
INSERT IGNORE INTO genres(genre) VALUES ('rap metal');
INSERT IGNORE INTO genres(genre) VALUES ('rap rock');
INSERT IGNORE INTO genres(genre) VALUES ('uk alternative pop');
INSERT IGNORE INTO genres(genre) VALUES ('modern blues rock');
INSERT IGNORE INTO genres(genre) VALUES ('modern hard rock');
INSERT IGNORE INTO genres(genre) VALUES ('early us punk');
INSERT IGNORE INTO genres(genre) VALUES ('punk');
INSERT IGNORE INTO genres(genre) VALUES ('skate punk');
INSERT IGNORE INTO genres(genre) VALUES ('art rock');
INSERT IGNORE INTO genres(genre) VALUES ('jazz fusion');
INSERT IGNORE INTO genres(genre) VALUES ('progressive rock');
INSERT IGNORE INTO genres(genre) VALUES ('symphonic rock');
INSERT IGNORE INTO genres(genre) VALUES ('canadian hip hop');
INSERT IGNORE INTO genres(genre) VALUES ('canadian pop');
INSERT IGNORE INTO genres(genre) VALUES ('toronto rap');
INSERT IGNORE INTO genres(genre) VALUES ('folk-pop');
INSERT IGNORE INTO genres(genre) VALUES ('metropopolis');
INSERT IGNORE INTO genres(genre) VALUES ('modern alternative rock');
INSERT IGNORE INTO genres(genre) VALUES ('latin alternative');
INSERT IGNORE INTO genres(genre) VALUES ('rock nacional brasileiro');
INSERT IGNORE INTO genres(genre) VALUES ('dance pop');
INSERT IGNORE INTO genres(genre) VALUES ('disco house');
INSERT IGNORE INTO genres(genre) VALUES ('edm');
INSERT IGNORE INTO genres(genre) VALUES ('electro house');
INSERT IGNORE INTO genres(genre) VALUES ('filter house');
INSERT IGNORE INTO genres(genre) VALUES ('pop dance');
INSERT IGNORE INTO genres(genre) VALUES ('tropical house');
INSERT IGNORE INTO genres(genre) VALUES ('vocal house');
INSERT IGNORE INTO genres(genre) VALUES ('rock alternativo brasileiro');
INSERT IGNORE INTO genres(genre) VALUES ('grunge');
INSERT IGNORE INTO genres(genre) VALUES ('australian rock');
INSERT IGNORE INTO genres(genre) VALUES ('neo mellow');
INSERT IGNORE INTO genres(genre) VALUES ('nwobhm');
INSERT IGNORE INTO genres(genre) VALUES ('bristol indie');
INSERT IGNORE INTO genres(genre) VALUES ('alternative r&b');
INSERT IGNORE INTO genres(genre) VALUES ('lgbtq+ hip hop');
INSERT IGNORE INTO genres(genre) VALUES ('neo soul');
INSERT IGNORE INTO genres(genre) VALUES ('pop');
INSERT IGNORE INTO genres(genre) VALUES ('australian psych');
INSERT IGNORE INTO genres(genre) VALUES ('neo-psychedelic');
INSERT IGNORE INTO genres(genre) VALUES ('uk post-punk');
INSERT IGNORE INTO genres(genre) VALUES ('britpop');
INSERT IGNORE INTO genres(genre) VALUES ('madchester');
INSERT IGNORE INTO genres(genre) VALUES ('afrofuturism');
INSERT IGNORE INTO genres(genre) VALUES ('electropop');
INSERT IGNORE INTO genres(genre) VALUES ('post-teen pop');
INSERT IGNORE INTO genres(genre) VALUES ('garage rock');
INSERT IGNORE INTO genres(genre) VALUES ('birmingham metal');
INSERT IGNORE INTO genres(genre) VALUES ('stoner rock');
INSERT IGNORE INTO genres(genre) VALUES ('uk doom metal');
INSERT IGNORE INTO genres(genre) VALUES ('baroque');
INSERT IGNORE INTO genres(genre) VALUES ('classical');
INSERT IGNORE INTO genres(genre) VALUES ('early music');
INSERT IGNORE INTO genres(genre) VALUES ('italian baroque');
INSERT IGNORE INTO genres(genre) VALUES ('atl hip hop');
INSERT IGNORE INTO genres(genre) VALUES ('dirty south rap');
INSERT IGNORE INTO genres(genre) VALUES ('old school atlanta hip hop');
INSERT IGNORE INTO genres(genre) VALUES ('pop rap');
INSERT IGNORE INTO genres(genre) VALUES ('southern hip hop');
INSERT IGNORE INTO genres(genre) VALUES ('early romantic era');
INSERT IGNORE INTO genres(genre) VALUES ('polish classical');
INSERT IGNORE INTO genres(genre) VALUES ('r&b');
INSERT IGNORE INTO genres(genre) VALUES ('soul');
INSERT IGNORE INTO genres(genre) VALUES ('indie soul');
INSERT IGNORE INTO genres(genre) VALUES ('ohio hip hop');
INSERT IGNORE INTO genres(genre) VALUES ('chicago soul');
INSERT IGNORE INTO genres(genre) VALUES ('classic soul');
INSERT IGNORE INTO genres(genre) VALUES ('funk');
INSERT IGNORE INTO genres(genre) VALUES ('latin afrobeat');
INSERT IGNORE INTO genres(genre) VALUES ('nova mpb');
INSERT IGNORE INTO genres(genre) VALUES ('nova musica paulista');
INSERT IGNORE INTO genres(genre) VALUES ('progressive metal');
INSERT IGNORE INTO genres(genre) VALUES ('us power metal');
INSERT IGNORE INTO genres(genre) VALUES ('glam rock');
INSERT IGNORE INTO genres(genre) VALUES ('new age');
INSERT IGNORE INTO genres(genre) VALUES ('arkansas country');
INSERT IGNORE INTO genres(genre) VALUES ('outlaw country');
INSERT IGNORE INTO genres(genre) VALUES ('funk ostentacao');
INSERT IGNORE INTO genres(genre) VALUES ('hip hop tuga');
INSERT IGNORE INTO genres(genre) VALUES ('pop lgbtq+ brasileira');
INSERT IGNORE INTO genres(genre) VALUES ('hip pop');
INSERT IGNORE INTO genres(genre) VALUES ('new jersey rap');
INSERT IGNORE INTO genres(genre) VALUES ('urban contemporary');
INSERT IGNORE INTO genres(genre) VALUES ('rap feminino nacional');
INSERT IGNORE INTO genres(genre) VALUES ('nova musica pernambucana');
INSERT IGNORE INTO genres(genre) VALUES ('bass trap');
INSERT IGNORE INTO genres(genre) VALUES ('gaming edm');
INSERT IGNORE INTO genres(genre) VALUES ('palm desert scene');
INSERT IGNORE INTO genres(genre) VALUES ('stoner metal');
INSERT IGNORE INTO genres(genre) VALUES ('west coast rap');
INSERT IGNORE INTO genres(genre) VALUES ('dmv rap');
INSERT IGNORE INTO genres(genre) VALUES ('alternative dance');
INSERT IGNORE INTO genres(genre) VALUES ('indie rock');
INSERT IGNORE INTO genres(genre) VALUES ('indietronica');
INSERT IGNORE INTO genres(genre) VALUES ('alternative hip hop');
INSERT IGNORE INTO genres(genre) VALUES ('black punk');
INSERT IGNORE INTO genres(genre) VALUES ('dc hardcore');
INSERT IGNORE INTO genres(genre) VALUES ('hardcore punk');
INSERT IGNORE INTO genres(genre) VALUES ('nyhc');
INSERT IGNORE INTO genres(genre) VALUES ('post-hardcore');
INSERT IGNORE INTO genres(genre) VALUES ('ska punk');
INSERT IGNORE INTO genres(genre) VALUES ('singer-songwriter');
INSERT IGNORE INTO genres(genre) VALUES ('modern blues');
INSERT IGNORE INTO genres(genre) VALUES ('roots rock');
INSERT IGNORE INTO genres(genre) VALUES ('electro');
INSERT IGNORE INTO genres(genre) VALUES ('pop nacional');
INSERT IGNORE INTO genres(genre) VALUES ('slap house');
INSERT IGNORE INTO genres(genre) VALUES ('australian dance');
INSERT IGNORE INTO genres(genre) VALUES ('big room');
INSERT IGNORE INTO genres(genre) VALUES ('melbourne bounce');
INSERT IGNORE INTO genres(genre) VALUES ('melbourne bounce international');
INSERT IGNORE INTO genres(genre) VALUES ('dance rock');
INSERT IGNORE INTO genres(genre) VALUES ('europop');
INSERT IGNORE INTO genres(genre) VALUES ('brill building pop');
INSERT IGNORE INTO genres(genre) VALUES ('folk rock');
INSERT IGNORE INTO genres(genre) VALUES ('philly soul');
INSERT IGNORE INTO genres(genre) VALUES ('power pop');
INSERT IGNORE INTO genres(genre) VALUES ('zolo');
INSERT IGNORE INTO genres(genre) VALUES ('freestyle');
INSERT IGNORE INTO genres(genre) VALUES ('disco');
INSERT IGNORE INTO genres(genre) VALUES ('new rave');
INSERT IGNORE INTO genres(genre) VALUES ('nu disco');
INSERT IGNORE INTO genres(genre) VALUES ('canadian metal');
INSERT IGNORE INTO genres(genre) VALUES ('canadian rock');
INSERT IGNORE INTO genres(genre) VALUES ('brazilian edm');
INSERT IGNORE INTO genres(genre) VALUES ('rap mineiro');
INSERT IGNORE INTO genres(genre) VALUES ('jazz blues');
INSERT IGNORE INTO genres(genre) VALUES ('soul jazz');
INSERT IGNORE INTO genres(genre) VALUES ('torch song');
INSERT IGNORE INTO genres(genre) VALUES ('vocal jazz');
INSERT IGNORE INTO genres(genre) VALUES ('supergroup');
INSERT IGNORE INTO genres(genre) VALUES ('uk contemporary r&b');
INSERT IGNORE INTO genres(genre) VALUES ('christian rock');
INSERT IGNORE INTO genres(genre) VALUES ('emo');
INSERT IGNORE INTO genres(genre) VALUES ('adult standards');
INSERT IGNORE INTO genres(genre) VALUES ('indie r&b');
INSERT IGNORE INTO genres(genre) VALUES ('motown');
INSERT IGNORE INTO genres(genre) VALUES ('quiet storm');
INSERT IGNORE INTO genres(genre) VALUES ('neo-singer-songwriter');
INSERT IGNORE INTO genres(genre) VALUES ('art punk');
INSERT IGNORE INTO genres(genre) VALUES ('funk rock');
INSERT IGNORE INTO genres(genre) VALUES ('post-punk');
INSERT IGNORE INTO genres(genre) VALUES ('indie folk');
INSERT IGNORE INTO genres(genre) VALUES ('new americana');
INSERT IGNORE INTO genres(genre) VALUES ('seattle indie');
INSERT IGNORE INTO genres(genre) VALUES ('modern indie pop');
INSERT IGNORE INTO genres(genre) VALUES ('speed metal');
INSERT IGNORE INTO genres(genre) VALUES ('german hard rock');
INSERT IGNORE INTO genres(genre) VALUES ('german metal');
INSERT IGNORE INTO genres(genre) VALUES ('german rock');
INSERT IGNORE INTO genres(genre) VALUES ('gothenburg metal');
INSERT IGNORE INTO genres(genre) VALUES ('melodic metal');
INSERT IGNORE INTO genres(genre) VALUES ('neo classical metal');
INSERT IGNORE INTO genres(genre) VALUES ('power metal');
INSERT IGNORE INTO genres(genre) VALUES ('swedish power metal');
INSERT IGNORE INTO genres(genre) VALUES ('canadian singer-songwriter');
INSERT IGNORE INTO genres(genre) VALUES ('classic canadian rock');
INSERT IGNORE INTO genres(genre) VALUES ('heartland rock');
INSERT IGNORE INTO genres(genre) VALUES ('british blues');
INSERT IGNORE INTO genres(genre) VALUES ('pop punk');
INSERT IGNORE INTO genres(genre) VALUES ('uk pop punk');
INSERT IGNORE INTO genres(genre) VALUES ('german power metal');
INSERT IGNORE INTO genres(genre) VALUES ('melodic hardcore');
INSERT IGNORE INTO genres(genre) VALUES ('melodic metalcore');
INSERT IGNORE INTO genres(genre) VALUES ('metalcore');
INSERT IGNORE INTO genres(genre) VALUES ('classical era');
INSERT IGNORE INTO genres(genre) VALUES ('brazilian hardcore');
INSERT IGNORE INTO genres(genre) VALUES ('brazilian punk');
INSERT IGNORE INTO genres(genre) VALUES ('brazilian punk rock');
INSERT IGNORE INTO genres(genre) VALUES ('solo wave');
INSERT IGNORE INTO genres(genre) VALUES ('forro tradicional');
INSERT IGNORE INTO genres(genre) VALUES ('bath indie');
INSERT IGNORE INTO genres(genre) VALUES ('roots americana');
INSERT IGNORE INTO genres(genre) VALUES ('australian pop');
INSERT IGNORE INTO albumGenre(genre_id, album_id) VALUES (1, '2eprpJCYbCbPZRKVGIEJxZ');
INSERT IGNORE INTO albumGenre(genre_id, album_id) VALUES (2, '2eprpJCYbCbPZRKVGIEJxZ');
INSERT IGNORE INTO albumGenre(genre_id, album_id) VALUES (3, '2eprpJCYbCbPZRKVGIEJxZ');
INSERT IGNORE INTO albumGenre(genre_id, album_id) VALUES (4, '2eprpJCYbCbPZRKVGIEJxZ');
INSERT IGNORE INTO albumGenre(genre_id, album_id) VALUES (5, '2eprpJCYbCbPZRKVGIEJxZ');
INSERT IGNORE INTO albumGenre(genre_id, album_id) VALUES (6, '2eprpJCYbCbPZRKVGIEJxZ');
INSERT IGNORE INTO albumGenre(genre_id, album_id) VALUES (7, '3CjuTytLZz3G9znXt2rJgU');
INSERT IGNORE INTO albumGenre(genre_id, album_id) VALUES (8, '3CjuTytLZz3G9znXt2rJgU');
INSERT IGNORE INTO albumGenre(genre_id, album_id) VALUES (9, '3CjuTytLZz3G9znXt2rJgU');
INSERT IGNORE INTO albumGenre(genre_id, album_id) VALUES (10, '3cG4WKesy6hUXEPfPcdxs6');
INSERT IGNORE INTO albumGenre(genre_id, album_id) VALUES (11, '3cG4WKesy6hUXEPfPcdxs6');
INSERT IGNORE INTO albumGenre(genre_id, album_id) VALUES (12, '3cG4WKesy6hUXEPfPcdxs6');
INSERT IGNORE INTO albumGenre(genre_id, album_id) VALUES (13, '3cG4WKesy6hUXEPfPcdxs6');
INSERT IGNORE INTO albumGenre(genre_id, album_id) VALUES (14, '3cG4WKesy6hUXEPfPcdxs6');
INSERT IGNORE INTO albumGenre(genre_id, album_id) VALUES (15, '3cG4WKesy6hUXEPfPcdxs6');
INSERT IGNORE INTO albumGenre(genre_id, album_id) VALUES (16, '3cG4WKesy6hUXEPfPcdxs6');
INSERT IGNORE INTO albumGenre(genre_id, album_id) VALUES (17, '3cG4WKesy6hUXEPfPcdxs6');
INSERT IGNORE INTO albumGenre(genre_id, album_id) VALUES (18, '3cG4WKesy6hUXEPfPcdxs6');
INSERT IGNORE INTO albumGenre(genre_id, album_id) VALUES (19, '3cG4WKesy6hUXEPfPcdxs6');
INSERT IGNORE INTO albumGenre(genre_id, album_id) VALUES (20, '2Kh43m04B1UkVcpcRa1Zug');
INSERT IGNORE INTO albumGenre(genre_id, album_id) VALUES (21, '2Kh43m04B1UkVcpcRa1Zug');
INSERT IGNORE INTO albumGenre(genre_id, album_id) VALUES (22, '2Kh43m04B1UkVcpcRa1Zug');
INSERT IGNORE INTO albumGenre(genre_id, album_id) VALUES (6, '2Kh43m04B1UkVcpcRa1Zug');
INSERT IGNORE INTO albumGenre(genre_id, album_id) VALUES (23, '2Kh43m04B1UkVcpcRa1Zug');
INSERT IGNORE INTO albumGenre(genre_id, album_id) VALUES (1, '4KXYNMizBHgXUFM1UOUhoJ');
INSERT IGNORE INTO albumGenre(genre_id, album_id) VALUES (24, '4KXYNMizBHgXUFM1UOUhoJ');
INSERT IGNORE INTO albumGenre(genre_id, album_id) VALUES (25, '4KXYNMizBHgXUFM1UOUhoJ');
INSERT IGNORE INTO albumGenre(genre_id, album_id) VALUES (26, '54V1ljNtyzAm053oJqi0SH');
INSERT IGNORE INTO albumGenre(genre_id, album_id) VALUES (27, '54V1ljNtyzAm053oJqi0SH');
INSERT IGNORE INTO albumGenre(genre_id, album_id) VALUES (28, '54V1ljNtyzAm053oJqi0SH');
INSERT IGNORE INTO albumGenre(genre_id, album_id) VALUES (29, '54V1ljNtyzAm053oJqi0SH');
INSERT IGNORE INTO albumGenre(genre_id, album_id) VALUES (20, '54V1ljNtyzAm053oJqi0SH');
INSERT IGNORE INTO albumGenre(genre_id, album_id) VALUES (30, '54V1ljNtyzAm053oJqi0SH');
INSERT IGNORE INTO albumGenre(genre_id, album_id) VALUES (6, '54V1ljNtyzAm053oJqi0SH');
INSERT IGNORE INTO albumGenre(genre_id, album_id) VALUES (31, '54V1ljNtyzAm053oJqi0SH');
INSERT IGNORE INTO albumGenre(genre_id, album_id) VALUES (3, '0c1yNi1MuGlcNrCzU2kDVE');
INSERT IGNORE INTO albumGenre(genre_id, album_id) VALUES (32, '0c1yNi1MuGlcNrCzU2kDVE');
INSERT IGNORE INTO albumGenre(genre_id, album_id) VALUES (6, '0c1yNi1MuGlcNrCzU2kDVE');
INSERT IGNORE INTO albumGenre(genre_id, album_id) VALUES (33, '72qrnM4yUNMDDlWiqKc8iY');
INSERT IGNORE INTO albumGenre(genre_id, album_id) VALUES (28, '72qrnM4yUNMDDlWiqKc8iY');
INSERT IGNORE INTO albumGenre(genre_id, album_id) VALUES (6, '72qrnM4yUNMDDlWiqKc8iY');
INSERT IGNORE INTO albumGenre(genre_id, album_id) VALUES (34, '1RHa1VdX6lsLbeedgsV1cb');
INSERT IGNORE INTO albumGenre(genre_id, album_id) VALUES (26, '4ulIP4JbW6KegM8KNC02k5');
INSERT IGNORE INTO albumGenre(genre_id, album_id) VALUES (35, '4ulIP4JbW6KegM8KNC02k5');
INSERT IGNORE INTO albumGenre(genre_id, album_id) VALUES (20, '4ulIP4JbW6KegM8KNC02k5');
INSERT IGNORE INTO albumGenre(genre_id, album_id) VALUES (21, '4ulIP4JbW6KegM8KNC02k5');
INSERT IGNORE INTO albumGenre(genre_id, album_id) VALUES (6, '4ulIP4JbW6KegM8KNC02k5');
INSERT IGNORE INTO albumGenre(genre_id, album_id) VALUES (36, '20r762YmB5HeofjMCiPMLv');
INSERT IGNORE INTO albumGenre(genre_id, album_id) VALUES (9, '20r762YmB5HeofjMCiPMLv');
INSERT IGNORE INTO albumGenre(genre_id, album_id) VALUES (37, '0kjj3EUl6EOrKSC9iDurZq');
INSERT IGNORE INTO albumGenre(genre_id, album_id) VALUES (3, '0kjj3EUl6EOrKSC9iDurZq');
INSERT IGNORE INTO albumGenre(genre_id, album_id) VALUES (38, '0kjj3EUl6EOrKSC9iDurZq');
INSERT IGNORE INTO albumGenre(genre_id, album_id) VALUES (39, '0kjj3EUl6EOrKSC9iDurZq');
INSERT IGNORE INTO albumGenre(genre_id, album_id) VALUES (40, '0kjj3EUl6EOrKSC9iDurZq');
INSERT IGNORE INTO albumGenre(genre_id, album_id) VALUES (41, '7y7459SFZReE5Wec4hejv5');
INSERT IGNORE INTO albumGenre(genre_id, album_id) VALUES (42, '7y7459SFZReE5Wec4hejv5');
INSERT IGNORE INTO albumGenre(genre_id, album_id) VALUES (43, '7y7459SFZReE5Wec4hejv5');
INSERT IGNORE INTO albumGenre(genre_id, album_id) VALUES (4, '7y7459SFZReE5Wec4hejv5');
INSERT IGNORE INTO albumGenre(genre_id, album_id) VALUES (6, '7y7459SFZReE5Wec4hejv5');
INSERT IGNORE INTO albumGenre(genre_id, album_id) VALUES (44, '7y7459SFZReE5Wec4hejv5');
INSERT IGNORE INTO albumGenre(genre_id, album_id) VALUES (45, '7y7459SFZReE5Wec4hejv5');
INSERT IGNORE INTO albumGenre(genre_id, album_id) VALUES (46, '7y7459SFZReE5Wec4hejv5');
INSERT IGNORE INTO albumGenre(genre_id, album_id) VALUES (47, '3Bd7qpVG1usl3ehblGqKjl');
INSERT IGNORE INTO albumGenre(genre_id, album_id) VALUES (48, '3Bd7qpVG1usl3ehblGqKjl');
INSERT IGNORE INTO albumGenre(genre_id, album_id) VALUES (1, '24E6rDvGDuYFjlGewp4ntF');
INSERT IGNORE INTO albumGenre(genre_id, album_id) VALUES (2, '24E6rDvGDuYFjlGewp4ntF');
INSERT IGNORE INTO albumGenre(genre_id, album_id) VALUES (49, '24E6rDvGDuYFjlGewp4ntF');
INSERT IGNORE INTO albumGenre(genre_id, album_id) VALUES (50, '24E6rDvGDuYFjlGewp4ntF');
INSERT IGNORE INTO albumGenre(genre_id, album_id) VALUES (25, '24E6rDvGDuYFjlGewp4ntF');
INSERT IGNORE INTO albumGenre(genre_id, album_id) VALUES (51, '24E6rDvGDuYFjlGewp4ntF');
INSERT IGNORE INTO albumGenre(genre_id, album_id) VALUES (52, '24E6rDvGDuYFjlGewp4ntF');
INSERT IGNORE INTO albumGenre(genre_id, album_id) VALUES (53, '24E6rDvGDuYFjlGewp4ntF');
INSERT IGNORE INTO albumGenre(genre_id, album_id) VALUES (6, '24E6rDvGDuYFjlGewp4ntF');
INSERT IGNORE INTO albumGenre(genre_id, album_id) VALUES (54, '3nR8btC3svZmUktrXDBuRY');
INSERT IGNORE INTO albumGenre(genre_id, album_id) VALUES (26, '3ycjBixZf7S3WpC5WZhhUK');
INSERT IGNORE INTO albumGenre(genre_id, album_id) VALUES (28, '3ycjBixZf7S3WpC5WZhhUK');
INSERT IGNORE INTO albumGenre(genre_id, album_id) VALUES (20, '3ycjBixZf7S3WpC5WZhhUK');
INSERT IGNORE INTO albumGenre(genre_id, album_id) VALUES (6, '3ycjBixZf7S3WpC5WZhhUK');
INSERT IGNORE INTO albumGenre(genre_id, album_id) VALUES (55, '1rWkxCNuPFzDRFANL8lLnG');
INSERT IGNORE INTO albumGenre(genre_id, album_id) VALUES (56, '1rWkxCNuPFzDRFANL8lLnG');
INSERT IGNORE INTO albumGenre(genre_id, album_id) VALUES (6, '1rWkxCNuPFzDRFANL8lLnG');
INSERT IGNORE INTO albumGenre(genre_id, album_id) VALUES (28, '20vKajIzB51eW494bDxzhc');
INSERT IGNORE INTO albumGenre(genre_id, album_id) VALUES (57, '20vKajIzB51eW494bDxzhc');
INSERT IGNORE INTO albumGenre(genre_id, album_id) VALUES (4, '20vKajIzB51eW494bDxzhc');
INSERT IGNORE INTO albumGenre(genre_id, album_id) VALUES (58, '20vKajIzB51eW494bDxzhc');
INSERT IGNORE INTO albumGenre(genre_id, album_id) VALUES (6, '20vKajIzB51eW494bDxzhc');
INSERT IGNORE INTO albumGenre(genre_id, album_id) VALUES (59, '20vKajIzB51eW494bDxzhc');
INSERT IGNORE INTO albumGenre(genre_id, album_id) VALUES (36, '2Ek1q2haOnxVqhvVKqMvJe');
INSERT IGNORE INTO albumGenre(genre_id, album_id) VALUES (9, '2Ek1q2haOnxVqhvVKqMvJe');
INSERT IGNORE INTO albumGenre(genre_id, album_id) VALUES (26, '4nQe6IzubN7cE7EWzrIvu4');
INSERT IGNORE INTO albumGenre(genre_id, album_id) VALUES (60, '4nQe6IzubN7cE7EWzrIvu4');
INSERT IGNORE INTO albumGenre(genre_id, album_id) VALUES (28, '4nQe6IzubN7cE7EWzrIvu4');
INSERT IGNORE INTO albumGenre(genre_id, album_id) VALUES (61, '4nQe6IzubN7cE7EWzrIvu4');
INSERT IGNORE INTO albumGenre(genre_id, album_id) VALUES (62, '4nQe6IzubN7cE7EWzrIvu4');
INSERT IGNORE INTO albumGenre(genre_id, album_id) VALUES (6, '4nQe6IzubN7cE7EWzrIvu4');
INSERT IGNORE INTO albumGenre(genre_id, album_id) VALUES (63, '4nQe6IzubN7cE7EWzrIvu4');
INSERT IGNORE INTO albumGenre(genre_id, album_id) VALUES (64, '0qGdc7fNq9RNIPEzZufa43');
INSERT IGNORE INTO albumGenre(genre_id, album_id) VALUES (65, '0qGdc7fNq9RNIPEzZufa43');
INSERT IGNORE INTO albumGenre(genre_id, album_id) VALUES (8, '0qGdc7fNq9RNIPEzZufa43');
INSERT IGNORE INTO albumGenre(genre_id, album_id) VALUES (9, '0qGdc7fNq9RNIPEzZufa43');
INSERT IGNORE INTO albumGenre(genre_id, album_id) VALUES (66, '0qGdc7fNq9RNIPEzZufa43');
INSERT IGNORE INTO albumGenre(genre_id, album_id) VALUES (67, '4p9dVvZDaZliSjTCbFRhJy');
INSERT IGNORE INTO albumGenre(genre_id, album_id) VALUES (68, '4p9dVvZDaZliSjTCbFRhJy');
INSERT IGNORE INTO albumGenre(genre_id, album_id) VALUES (69, '4p9dVvZDaZliSjTCbFRhJy');
INSERT IGNORE INTO albumGenre(genre_id, album_id) VALUES (3, '4p9dVvZDaZliSjTCbFRhJy');
INSERT IGNORE INTO albumGenre(genre_id, album_id) VALUES (38, '4p9dVvZDaZliSjTCbFRhJy');
INSERT IGNORE INTO albumGenre(genre_id, album_id) VALUES (39, '4p9dVvZDaZliSjTCbFRhJy');
INSERT IGNORE INTO albumGenre(genre_id, album_id) VALUES (26, '19lEZSnCCbVEkKchoPQWDZ');
INSERT IGNORE INTO albumGenre(genre_id, album_id) VALUES (28, '19lEZSnCCbVEkKchoPQWDZ');
INSERT IGNORE INTO albumGenre(genre_id, album_id) VALUES (20, '19lEZSnCCbVEkKchoPQWDZ');
INSERT IGNORE INTO albumGenre(genre_id, album_id) VALUES (6, '19lEZSnCCbVEkKchoPQWDZ');
INSERT IGNORE INTO albumGenre(genre_id, album_id) VALUES (12, '6Dlr7qx33gN0uUahMs9u2a');
INSERT IGNORE INTO albumGenre(genre_id, album_id) VALUES (14, '6Dlr7qx33gN0uUahMs9u2a');
INSERT IGNORE INTO albumGenre(genre_id, album_id) VALUES (15, '6Dlr7qx33gN0uUahMs9u2a');
INSERT IGNORE INTO albumGenre(genre_id, album_id) VALUES (70, '6Dlr7qx33gN0uUahMs9u2a');
INSERT IGNORE INTO albumGenre(genre_id, album_id) VALUES (71, '6Dlr7qx33gN0uUahMs9u2a');
INSERT IGNORE INTO albumGenre(genre_id, album_id) VALUES (72, '18K5xK91s36fWgIcfzkcEt');
INSERT IGNORE INTO albumGenre(genre_id, album_id) VALUES (73, '18K5xK91s36fWgIcfzkcEt');
INSERT IGNORE INTO albumGenre(genre_id, album_id) VALUES (74, '18K5xK91s36fWgIcfzkcEt');
INSERT IGNORE INTO albumGenre(genre_id, album_id) VALUES (75, '18K5xK91s36fWgIcfzkcEt');
INSERT IGNORE INTO albumGenre(genre_id, album_id) VALUES (76, '18K5xK91s36fWgIcfzkcEt');
INSERT IGNORE INTO albumGenre(genre_id, album_id) VALUES (77, '18K5xK91s36fWgIcfzkcEt');
INSERT IGNORE INTO albumGenre(genre_id, album_id) VALUES (78, '18K5xK91s36fWgIcfzkcEt');
INSERT IGNORE INTO albumGenre(genre_id, album_id) VALUES (79, '18K5xK91s36fWgIcfzkcEt');
INSERT IGNORE INTO albumGenre(genre_id, album_id) VALUES (15, '0wHl2FK2AEhwIiYISv7cJ4');
INSERT IGNORE INTO albumGenre(genre_id, album_id) VALUES (17, '0wHl2FK2AEhwIiYISv7cJ4');
INSERT IGNORE INTO albumGenre(genre_id, album_id) VALUES (80, '0wHl2FK2AEhwIiYISv7cJ4');
INSERT IGNORE INTO albumGenre(genre_id, album_id) VALUES (71, '0wHl2FK2AEhwIiYISv7cJ4');
INSERT IGNORE INTO albumGenre(genre_id, album_id) VALUES (12, '3I1bOo70cU0y7PprxCGgAs');
INSERT IGNORE INTO albumGenre(genre_id, album_id) VALUES (14, '3I1bOo70cU0y7PprxCGgAs');
INSERT IGNORE INTO albumGenre(genre_id, album_id) VALUES (15, '3I1bOo70cU0y7PprxCGgAs');
INSERT IGNORE INTO albumGenre(genre_id, album_id) VALUES (70, '3I1bOo70cU0y7PprxCGgAs');
INSERT IGNORE INTO albumGenre(genre_id, album_id) VALUES (71, '3I1bOo70cU0y7PprxCGgAs');
INSERT IGNORE INTO albumGenre(genre_id, album_id) VALUES (2, '2uEf3r9i2bnxwJQsxQ0xQ7');
INSERT IGNORE INTO albumGenre(genre_id, album_id) VALUES (81, '2uEf3r9i2bnxwJQsxQ0xQ7');
INSERT IGNORE INTO albumGenre(genre_id, album_id) VALUES (4, '2uEf3r9i2bnxwJQsxQ0xQ7');
INSERT IGNORE INTO albumGenre(genre_id, album_id) VALUES (6, '2uEf3r9i2bnxwJQsxQ0xQ7');
INSERT IGNORE INTO albumGenre(genre_id, album_id) VALUES (35, '0kBfgEilUFCMIQY5IOjG4t');
INSERT IGNORE INTO albumGenre(genre_id, album_id) VALUES (6, '0kBfgEilUFCMIQY5IOjG4t');
INSERT IGNORE INTO albumGenre(genre_id, album_id) VALUES (82, '4vu7F6h90Br1ZtYYaqfITy');
INSERT IGNORE INTO albumGenre(genre_id, album_id) VALUES (20, '4vu7F6h90Br1ZtYYaqfITy');
INSERT IGNORE INTO albumGenre(genre_id, album_id) VALUES (6, '4vu7F6h90Br1ZtYYaqfITy');
INSERT IGNORE INTO albumGenre(genre_id, album_id) VALUES (83, '2B9q4KPjOEYu885Keo9dfX');
INSERT IGNORE INTO albumGenre(genre_id, album_id) VALUES (83, '4nvgSs9EQXS5AIwprqq8OU');
INSERT IGNORE INTO albumGenre(genre_id, album_id) VALUES (83, '1a15dDOiwz5ebSxk1ZeFB5');
INSERT IGNORE INTO albumGenre(genre_id, album_id) VALUES (20, '16Su3EUFLPqWVyrwN1q5wO');
INSERT IGNORE INTO albumGenre(genre_id, album_id) VALUES (21, '16Su3EUFLPqWVyrwN1q5wO');
INSERT IGNORE INTO albumGenre(genre_id, album_id) VALUES (84, '16Su3EUFLPqWVyrwN1q5wO');
INSERT IGNORE INTO albumGenre(genre_id, album_id) VALUES (6, '16Su3EUFLPqWVyrwN1q5wO');
INSERT IGNORE INTO albumGenre(genre_id, album_id) VALUES (85, '27NYgZQHcapoSAs5bWAxRI');
INSERT IGNORE INTO albumGenre(genre_id, album_id) VALUES (3, '27NYgZQHcapoSAs5bWAxRI');
INSERT IGNORE INTO albumGenre(genre_id, album_id) VALUES (86, '623Ef2ZEB3Njklix4PC0Rs');
INSERT IGNORE INTO albumGenre(genre_id, album_id) VALUES (8, '623Ef2ZEB3Njklix4PC0Rs');
INSERT IGNORE INTO albumGenre(genre_id, album_id) VALUES (87, '623Ef2ZEB3Njklix4PC0Rs');
INSERT IGNORE INTO albumGenre(genre_id, album_id) VALUES (88, '623Ef2ZEB3Njklix4PC0Rs');
INSERT IGNORE INTO albumGenre(genre_id, album_id) VALUES (89, '623Ef2ZEB3Njklix4PC0Rs');
INSERT IGNORE INTO albumGenre(genre_id, album_id) VALUES (90, '79dL7FLiJFOO0EoehUHQBv');
INSERT IGNORE INTO albumGenre(genre_id, album_id) VALUES (91, '79dL7FLiJFOO0EoehUHQBv');
INSERT IGNORE INTO albumGenre(genre_id, album_id) VALUES (42, '6hmiQJ6FbPEQIDeKEIKSck');
INSERT IGNORE INTO albumGenre(genre_id, album_id) VALUES (4, '6hmiQJ6FbPEQIDeKEIKSck');
INSERT IGNORE INTO albumGenre(genre_id, album_id) VALUES (6, '6hmiQJ6FbPEQIDeKEIKSck');
INSERT IGNORE INTO albumGenre(genre_id, album_id) VALUES (92, '6hmiQJ6FbPEQIDeKEIKSck');
INSERT IGNORE INTO albumGenre(genre_id, album_id) VALUES (2, '68P7oIUK327pt5tDIZJd63');
INSERT IGNORE INTO albumGenre(genre_id, album_id) VALUES (93, '68P7oIUK327pt5tDIZJd63');
INSERT IGNORE INTO albumGenre(genre_id, album_id) VALUES (94, '68P7oIUK327pt5tDIZJd63');
INSERT IGNORE INTO albumGenre(genre_id, album_id) VALUES (3, '68P7oIUK327pt5tDIZJd63');
INSERT IGNORE INTO albumGenre(genre_id, album_id) VALUES (4, '68P7oIUK327pt5tDIZJd63');
INSERT IGNORE INTO albumGenre(genre_id, album_id) VALUES (38, '68P7oIUK327pt5tDIZJd63');
INSERT IGNORE INTO albumGenre(genre_id, album_id) VALUES (6, '68P7oIUK327pt5tDIZJd63');
INSERT IGNORE INTO albumGenre(genre_id, album_id) VALUES (95, '1dg0gmrCaEbENVXpPIvi1m');
INSERT IGNORE INTO albumGenre(genre_id, album_id) VALUES (72, '1dg0gmrCaEbENVXpPIvi1m');
INSERT IGNORE INTO albumGenre(genre_id, album_id) VALUES (96, '1dg0gmrCaEbENVXpPIvi1m');
INSERT IGNORE INTO albumGenre(genre_id, album_id) VALUES (89, '1dg0gmrCaEbENVXpPIvi1m');
INSERT IGNORE INTO albumGenre(genre_id, album_id) VALUES (97, '1dg0gmrCaEbENVXpPIvi1m');
INSERT IGNORE INTO albumGenre(genre_id, album_id) VALUES (64, '1lXY618HWkwYKJWBRYR4MK');
INSERT IGNORE INTO albumGenre(genre_id, album_id) VALUES (65, '1lXY618HWkwYKJWBRYR4MK');
INSERT IGNORE INTO albumGenre(genre_id, album_id) VALUES (8, '1lXY618HWkwYKJWBRYR4MK');
INSERT IGNORE INTO albumGenre(genre_id, album_id) VALUES (9, '1lXY618HWkwYKJWBRYR4MK');
INSERT IGNORE INTO albumGenre(genre_id, album_id) VALUES (66, '1lXY618HWkwYKJWBRYR4MK');
INSERT IGNORE INTO albumGenre(genre_id, album_id) VALUES (2, '747qcmgpdnnIG6lIBwNKhO');
INSERT IGNORE INTO albumGenre(genre_id, album_id) VALUES (90, '747qcmgpdnnIG6lIBwNKhO');
INSERT IGNORE INTO albumGenre(genre_id, album_id) VALUES (98, '747qcmgpdnnIG6lIBwNKhO');
INSERT IGNORE INTO albumGenre(genre_id, album_id) VALUES (69, '747qcmgpdnnIG6lIBwNKhO');
INSERT IGNORE INTO albumGenre(genre_id, album_id) VALUES (55, '747qcmgpdnnIG6lIBwNKhO');
INSERT IGNORE INTO albumGenre(genre_id, album_id) VALUES (3, '747qcmgpdnnIG6lIBwNKhO');
INSERT IGNORE INTO albumGenre(genre_id, album_id) VALUES (6, '747qcmgpdnnIG6lIBwNKhO');
INSERT IGNORE INTO albumGenre(genre_id, album_id) VALUES (26, '3kloiihScLGVQVI1uHvdsd');
INSERT IGNORE INTO albumGenre(genre_id, album_id) VALUES (99, '3kloiihScLGVQVI1uHvdsd');
INSERT IGNORE INTO albumGenre(genre_id, album_id) VALUES (28, '3kloiihScLGVQVI1uHvdsd');
INSERT IGNORE INTO albumGenre(genre_id, album_id) VALUES (20, '3kloiihScLGVQVI1uHvdsd');
INSERT IGNORE INTO albumGenre(genre_id, album_id) VALUES (21, '3kloiihScLGVQVI1uHvdsd');
INSERT IGNORE INTO albumGenre(genre_id, album_id) VALUES (6, '3kloiihScLGVQVI1uHvdsd');
INSERT IGNORE INTO albumGenre(genre_id, album_id) VALUES (100, '3kloiihScLGVQVI1uHvdsd');
INSERT IGNORE INTO albumGenre(genre_id, album_id) VALUES (101, '3kloiihScLGVQVI1uHvdsd');
INSERT IGNORE INTO albumGenre(genre_id, album_id) VALUES (36, '0FgZKfoU2Br5sHOfvZKTI9');
INSERT IGNORE INTO albumGenre(genre_id, album_id) VALUES (9, '0FgZKfoU2Br5sHOfvZKTI9');
INSERT IGNORE INTO albumGenre(genre_id, album_id) VALUES (102, '68EsYRtDWn6RxWG3qErVI4');
INSERT IGNORE INTO albumGenre(genre_id, album_id) VALUES (103, '68EsYRtDWn6RxWG3qErVI4');
INSERT IGNORE INTO albumGenre(genre_id, album_id) VALUES (104, '68EsYRtDWn6RxWG3qErVI4');
INSERT IGNORE INTO albumGenre(genre_id, album_id) VALUES (105, '68EsYRtDWn6RxWG3qErVI4');
INSERT IGNORE INTO albumGenre(genre_id, album_id) VALUES (106, '5ceB3rxgXqIRpsOvVzTG28');
INSERT IGNORE INTO albumGenre(genre_id, album_id) VALUES (107, '5ceB3rxgXqIRpsOvVzTG28');
INSERT IGNORE INTO albumGenre(genre_id, album_id) VALUES (8, '5ceB3rxgXqIRpsOvVzTG28');
INSERT IGNORE INTO albumGenre(genre_id, album_id) VALUES (108, '5ceB3rxgXqIRpsOvVzTG28');
INSERT IGNORE INTO albumGenre(genre_id, album_id) VALUES (109, '5ceB3rxgXqIRpsOvVzTG28');
INSERT IGNORE INTO albumGenre(genre_id, album_id) VALUES (9, '5ceB3rxgXqIRpsOvVzTG28');
INSERT IGNORE INTO albumGenre(genre_id, album_id) VALUES (110, '5ceB3rxgXqIRpsOvVzTG28');
INSERT IGNORE INTO albumGenre(genre_id, album_id) VALUES (103, '2EJIGjaVFq9PKinjyA9yOn');
INSERT IGNORE INTO albumGenre(genre_id, album_id) VALUES (111, '2EJIGjaVFq9PKinjyA9yOn');
INSERT IGNORE INTO albumGenre(genre_id, album_id) VALUES (112, '2EJIGjaVFq9PKinjyA9yOn');
INSERT IGNORE INTO albumGenre(genre_id, album_id) VALUES (86, '3mH6qwIy9crq0I9YQbOuDf');
INSERT IGNORE INTO albumGenre(genre_id, album_id) VALUES (8, '3mH6qwIy9crq0I9YQbOuDf');
INSERT IGNORE INTO albumGenre(genre_id, album_id) VALUES (87, '3mH6qwIy9crq0I9YQbOuDf');
INSERT IGNORE INTO albumGenre(genre_id, album_id) VALUES (88, '3mH6qwIy9crq0I9YQbOuDf');
INSERT IGNORE INTO albumGenre(genre_id, album_id) VALUES (89, '3mH6qwIy9crq0I9YQbOuDf');
INSERT IGNORE INTO albumGenre(genre_id, album_id) VALUES (8, '45ba6QAtNrdv6Ke4MFOKk9');
INSERT IGNORE INTO albumGenre(genre_id, album_id) VALUES (9, '45ba6QAtNrdv6Ke4MFOKk9');
INSERT IGNORE INTO albumGenre(genre_id, album_id) VALUES (89, '2ZytN2cY4Zjrr9ukb2rqTP');
INSERT IGNORE INTO albumGenre(genre_id, album_id) VALUES (113, '2ZytN2cY4Zjrr9ukb2rqTP');
INSERT IGNORE INTO albumGenre(genre_id, album_id) VALUES (114, '2ZytN2cY4Zjrr9ukb2rqTP');
INSERT IGNORE INTO albumGenre(genre_id, album_id) VALUES (8, '5zi7WsKlIiUXv09tbGLKsE');
INSERT IGNORE INTO albumGenre(genre_id, album_id) VALUES (9, '5zi7WsKlIiUXv09tbGLKsE');
INSERT IGNORE INTO albumGenre(genre_id, album_id) VALUES (36, '7D2NdGvBHIavgLhmcwhluK');
INSERT IGNORE INTO albumGenre(genre_id, album_id) VALUES (9, '7D2NdGvBHIavgLhmcwhluK');
INSERT IGNORE INTO albumGenre(genre_id, album_id) VALUES (95, '3IhDL1HDvlujs6ZcIfL9gE');
INSERT IGNORE INTO albumGenre(genre_id, album_id) VALUES (86, '27ThgFMUAx3MXLQ297DzWF');
INSERT IGNORE INTO albumGenre(genre_id, album_id) VALUES (115, '27ThgFMUAx3MXLQ297DzWF');
INSERT IGNORE INTO albumGenre(genre_id, album_id) VALUES (87, '27ThgFMUAx3MXLQ297DzWF');
INSERT IGNORE INTO albumGenre(genre_id, album_id) VALUES (113, '27ThgFMUAx3MXLQ297DzWF');
INSERT IGNORE INTO albumGenre(genre_id, album_id) VALUES (8, '08eM9GRdr5BCCHNqS3Wwud');
INSERT IGNORE INTO albumGenre(genre_id, album_id) VALUES (116, '08eM9GRdr5BCCHNqS3Wwud');
INSERT IGNORE INTO albumGenre(genre_id, album_id) VALUES (9, '08eM9GRdr5BCCHNqS3Wwud');
INSERT IGNORE INTO albumGenre(genre_id, album_id) VALUES (26, '1XKDdHnYVcbcguSX2pXoP8');
INSERT IGNORE INTO albumGenre(genre_id, album_id) VALUES (35, '1XKDdHnYVcbcguSX2pXoP8');
INSERT IGNORE INTO albumGenre(genre_id, album_id) VALUES (20, '1XKDdHnYVcbcguSX2pXoP8');
INSERT IGNORE INTO albumGenre(genre_id, album_id) VALUES (6, '1XKDdHnYVcbcguSX2pXoP8');
INSERT IGNORE INTO albumGenre(genre_id, album_id) VALUES (117, '2EwoYRFQRJqw7BTVG6GlTw');
INSERT IGNORE INTO albumGenre(genre_id, album_id) VALUES (118, '2EwoYRFQRJqw7BTVG6GlTw');
INSERT IGNORE INTO albumGenre(genre_id, album_id) VALUES (119, '2EwoYRFQRJqw7BTVG6GlTw');
INSERT IGNORE INTO albumGenre(genre_id, album_id) VALUES (114, '2EwoYRFQRJqw7BTVG6GlTw');
INSERT IGNORE INTO albumGenre(genre_id, album_id) VALUES (1, '2Qs2SpclDToB087fLolhCN');
INSERT IGNORE INTO albumGenre(genre_id, album_id) VALUES (2, '2Qs2SpclDToB087fLolhCN');
INSERT IGNORE INTO albumGenre(genre_id, album_id) VALUES (81, '2Qs2SpclDToB087fLolhCN');
INSERT IGNORE INTO albumGenre(genre_id, album_id) VALUES (4, '2Qs2SpclDToB087fLolhCN');
INSERT IGNORE INTO albumGenre(genre_id, album_id) VALUES (38, '2Qs2SpclDToB087fLolhCN');
INSERT IGNORE INTO albumGenre(genre_id, album_id) VALUES (6, '2Qs2SpclDToB087fLolhCN');
INSERT IGNORE INTO albumGenre(genre_id, album_id) VALUES (13, '6cZLQamvGf2o04u2pxjzFg');
INSERT IGNORE INTO albumGenre(genre_id, album_id) VALUES (120, '6cZLQamvGf2o04u2pxjzFg');
INSERT IGNORE INTO albumGenre(genre_id, album_id) VALUES (121, '6cZLQamvGf2o04u2pxjzFg');
INSERT IGNORE INTO albumGenre(genre_id, album_id) VALUES (122, '6cZLQamvGf2o04u2pxjzFg');
INSERT IGNORE INTO albumGenre(genre_id, album_id) VALUES (26, '4ddqJxiDOtleIi80dGvGVI');
INSERT IGNORE INTO albumGenre(genre_id, album_id) VALUES (35, '4ddqJxiDOtleIi80dGvGVI');
INSERT IGNORE INTO albumGenre(genre_id, album_id) VALUES (20, '4ddqJxiDOtleIi80dGvGVI');
INSERT IGNORE INTO albumGenre(genre_id, album_id) VALUES (21, '4ddqJxiDOtleIi80dGvGVI');
INSERT IGNORE INTO albumGenre(genre_id, album_id) VALUES (123, '4ddqJxiDOtleIi80dGvGVI');
INSERT IGNORE INTO albumGenre(genre_id, album_id) VALUES (6, '4ddqJxiDOtleIi80dGvGVI');
INSERT IGNORE INTO albumGenre(genre_id, album_id) VALUES (124, '4ddqJxiDOtleIi80dGvGVI');
INSERT IGNORE INTO albumGenre(genre_id, album_id) VALUES (28, '2yuTRGIackbcReLUXOYBqU');
INSERT IGNORE INTO albumGenre(genre_id, album_id) VALUES (125, '2yuTRGIackbcReLUXOYBqU');
INSERT IGNORE INTO albumGenre(genre_id, album_id) VALUES (6, '2yuTRGIackbcReLUXOYBqU');
INSERT IGNORE INTO albumGenre(genre_id, album_id) VALUES (26, '05tYzb5o4rZaOEr6K4cNSC');
INSERT IGNORE INTO albumGenre(genre_id, album_id) VALUES (60, '05tYzb5o4rZaOEr6K4cNSC');
INSERT IGNORE INTO albumGenre(genre_id, album_id) VALUES (126, '05tYzb5o4rZaOEr6K4cNSC');
INSERT IGNORE INTO albumGenre(genre_id, album_id) VALUES (62, '05tYzb5o4rZaOEr6K4cNSC');
INSERT IGNORE INTO albumGenre(genre_id, album_id) VALUES (63, '05tYzb5o4rZaOEr6K4cNSC');
INSERT IGNORE INTO albumGenre(genre_id, album_id) VALUES (127, '2BlL4Gv2DLPu8p58Wcmlm9');
INSERT IGNORE INTO albumGenre(genre_id, album_id) VALUES (128, '2BlL4Gv2DLPu8p58Wcmlm9');
INSERT IGNORE INTO albumGenre(genre_id, album_id) VALUES (10, '5cUY5chmS86cdonhoFdn8h');
INSERT IGNORE INTO albumGenre(genre_id, album_id) VALUES (12, '5cUY5chmS86cdonhoFdn8h');
INSERT IGNORE INTO albumGenre(genre_id, album_id) VALUES (15, '5cUY5chmS86cdonhoFdn8h');
INSERT IGNORE INTO albumGenre(genre_id, album_id) VALUES (129, '5cUY5chmS86cdonhoFdn8h');
INSERT IGNORE INTO albumGenre(genre_id, album_id) VALUES (130, '5cUY5chmS86cdonhoFdn8h');
INSERT IGNORE INTO albumGenre(genre_id, album_id) VALUES (18, '5cUY5chmS86cdonhoFdn8h');
INSERT IGNORE INTO albumGenre(genre_id, album_id) VALUES (131, '5cUY5chmS86cdonhoFdn8h');
INSERT IGNORE INTO albumGenre(genre_id, album_id) VALUES (49, '1BZoqf8Zje5nGdwZhOjAtD');
INSERT IGNORE INTO albumGenre(genre_id, album_id) VALUES (132, '1BZoqf8Zje5nGdwZhOjAtD');
INSERT IGNORE INTO albumGenre(genre_id, album_id) VALUES (88, '1BZoqf8Zje5nGdwZhOjAtD');
INSERT IGNORE INTO albumGenre(genre_id, album_id) VALUES (133, '1BZoqf8Zje5nGdwZhOjAtD');
INSERT IGNORE INTO albumGenre(genre_id, album_id) VALUES (113, '1BZoqf8Zje5nGdwZhOjAtD');
INSERT IGNORE INTO albumGenre(genre_id, album_id) VALUES (134, '1BZoqf8Zje5nGdwZhOjAtD');
INSERT IGNORE INTO albumGenre(genre_id, album_id) VALUES (10, '5QISdOku9kUmUBRxGAUSFT');
INSERT IGNORE INTO albumGenre(genre_id, album_id) VALUES (12, '5QISdOku9kUmUBRxGAUSFT');
INSERT IGNORE INTO albumGenre(genre_id, album_id) VALUES (135, '5QISdOku9kUmUBRxGAUSFT');
INSERT IGNORE INTO albumGenre(genre_id, album_id) VALUES (18, '26AN4W43LfbU8OYI684Z19');
INSERT IGNORE INTO albumGenre(genre_id, album_id) VALUES (19, '26AN4W43LfbU8OYI684Z19');
INSERT IGNORE INTO albumGenre(genre_id, album_id) VALUES (136, '26AN4W43LfbU8OYI684Z19');
INSERT IGNORE INTO albumGenre(genre_id, album_id) VALUES (12, '0kwClqW6ZjFBmyfVI7oEpG');
INSERT IGNORE INTO albumGenre(genre_id, album_id) VALUES (14, '0kwClqW6ZjFBmyfVI7oEpG');
INSERT IGNORE INTO albumGenre(genre_id, album_id) VALUES (121, '0kwClqW6ZjFBmyfVI7oEpG');
INSERT IGNORE INTO albumGenre(genre_id, album_id) VALUES (137, '2TKC9e7mRbxOVx1HbgKHR0');
INSERT IGNORE INTO albumGenre(genre_id, album_id) VALUES (138, '2TKC9e7mRbxOVx1HbgKHR0');
INSERT IGNORE INTO albumGenre(genre_id, album_id) VALUES (1, '4w3NeXtywU398NYW4903rY');
INSERT IGNORE INTO albumGenre(genre_id, album_id) VALUES (2, '4w3NeXtywU398NYW4903rY');
INSERT IGNORE INTO albumGenre(genre_id, album_id) VALUES (27, '4w3NeXtywU398NYW4903rY');
INSERT IGNORE INTO albumGenre(genre_id, album_id) VALUES (3, '4w3NeXtywU398NYW4903rY');
INSERT IGNORE INTO albumGenre(genre_id, album_id) VALUES (139, '4w3NeXtywU398NYW4903rY');
INSERT IGNORE INTO albumGenre(genre_id, album_id) VALUES (6, '4w3NeXtywU398NYW4903rY');
INSERT IGNORE INTO albumGenre(genre_id, album_id) VALUES (140, '4w3NeXtywU398NYW4903rY');
INSERT IGNORE INTO albumGenre(genre_id, album_id) VALUES (100, '4w3NeXtywU398NYW4903rY');
INSERT IGNORE INTO albumGenre(genre_id, album_id) VALUES (86, '71VX8yv9T2hNIYVZJVUWVp');
INSERT IGNORE INTO albumGenre(genre_id, album_id) VALUES (8, '71VX8yv9T2hNIYVZJVUWVp');
INSERT IGNORE INTO albumGenre(genre_id, album_id) VALUES (87, '71VX8yv9T2hNIYVZJVUWVp');
INSERT IGNORE INTO albumGenre(genre_id, album_id) VALUES (88, '71VX8yv9T2hNIYVZJVUWVp');
INSERT IGNORE INTO albumGenre(genre_id, album_id) VALUES (89, '71VX8yv9T2hNIYVZJVUWVp');
INSERT IGNORE INTO albumGenre(genre_id, album_id) VALUES (86, '6OGzmhzHcjf0uN9j7dYvZH');
INSERT IGNORE INTO albumGenre(genre_id, album_id) VALUES (8, '6OGzmhzHcjf0uN9j7dYvZH');
INSERT IGNORE INTO albumGenre(genre_id, album_id) VALUES (87, '6OGzmhzHcjf0uN9j7dYvZH');
INSERT IGNORE INTO albumGenre(genre_id, album_id) VALUES (88, '6OGzmhzHcjf0uN9j7dYvZH');
INSERT IGNORE INTO albumGenre(genre_id, album_id) VALUES (89, '6OGzmhzHcjf0uN9j7dYvZH');
INSERT IGNORE INTO albumGenre(genre_id, album_id) VALUES (49, '4eLPsYPBmXABThSJ821sqY');
INSERT IGNORE INTO albumGenre(genre_id, album_id) VALUES (8, '4eLPsYPBmXABThSJ821sqY');
INSERT IGNORE INTO albumGenre(genre_id, album_id) VALUES (9, '4eLPsYPBmXABThSJ821sqY');
INSERT IGNORE INTO albumGenre(genre_id, album_id) VALUES (141, '4eLPsYPBmXABThSJ821sqY');
INSERT IGNORE INTO albumGenre(genre_id, album_id) VALUES (142, '6ymw9w3tGhxVGBskQAhsvm');
INSERT IGNORE INTO albumGenre(genre_id, album_id) VALUES (89, '6ymw9w3tGhxVGBskQAhsvm');
INSERT IGNORE INTO albumGenre(genre_id, album_id) VALUES (113, '6ymw9w3tGhxVGBskQAhsvm');
INSERT IGNORE INTO albumGenre(genre_id, album_id) VALUES (9, '6ymw9w3tGhxVGBskQAhsvm');
INSERT IGNORE INTO albumGenre(genre_id, album_id) VALUES (143, '7GjVWG39IOj4viyWplJV4H');
INSERT IGNORE INTO albumGenre(genre_id, album_id) VALUES (144, '7GjVWG39IOj4viyWplJV4H');
INSERT IGNORE INTO albumGenre(genre_id, album_id) VALUES (145, '7GjVWG39IOj4viyWplJV4H');
INSERT IGNORE INTO albumGenre(genre_id, album_id) VALUES (3, '7GjVWG39IOj4viyWplJV4H');
INSERT IGNORE INTO albumGenre(genre_id, album_id) VALUES (6, '7GjVWG39IOj4viyWplJV4H');
INSERT IGNORE INTO albumGenre(genre_id, album_id) VALUES (146, '2dIGnmEIy1WZIcZCFSj6i8');
INSERT IGNORE INTO albumGenre(genre_id, album_id) VALUES (2, '4NpepcKo9rQ8nkdCB6iWMP');
INSERT IGNORE INTO albumGenre(genre_id, album_id) VALUES (147, '4NpepcKo9rQ8nkdCB6iWMP');
INSERT IGNORE INTO albumGenre(genre_id, album_id) VALUES (148, '4NpepcKo9rQ8nkdCB6iWMP');
INSERT IGNORE INTO albumGenre(genre_id, album_id) VALUES (149, '4NpepcKo9rQ8nkdCB6iWMP');
INSERT IGNORE INTO albumGenre(genre_id, album_id) VALUES (150, '4NpepcKo9rQ8nkdCB6iWMP');
INSERT IGNORE INTO albumGenre(genre_id, album_id) VALUES (151, '4NpepcKo9rQ8nkdCB6iWMP');
INSERT IGNORE INTO albumGenre(genre_id, album_id) VALUES (58, '4NpepcKo9rQ8nkdCB6iWMP');
INSERT IGNORE INTO albumGenre(genre_id, album_id) VALUES (53, '4NpepcKo9rQ8nkdCB6iWMP');
INSERT IGNORE INTO albumGenre(genre_id, album_id) VALUES (152, '4NpepcKo9rQ8nkdCB6iWMP');
INSERT IGNORE INTO albumGenre(genre_id, album_id) VALUES (83, '2JmfwvRDitJlTUoLCkp61z');
INSERT IGNORE INTO albumGenre(genre_id, album_id) VALUES (38, '2JmfwvRDitJlTUoLCkp61z');
INSERT IGNORE INTO albumGenre(genre_id, album_id) VALUES (153, '2JmfwvRDitJlTUoLCkp61z');
INSERT IGNORE INTO albumGenre(genre_id, album_id) VALUES (154, '2zYmSJZxBTCvDYBAEcixyV');
INSERT IGNORE INTO albumGenre(genre_id, album_id) VALUES (2, '0gVxPZ2tcMgyzLxyw8k1z7');
INSERT IGNORE INTO albumGenre(genre_id, album_id) VALUES (27, '0gVxPZ2tcMgyzLxyw8k1z7');
INSERT IGNORE INTO albumGenre(genre_id, album_id) VALUES (98, '0gVxPZ2tcMgyzLxyw8k1z7');
INSERT IGNORE INTO albumGenre(genre_id, album_id) VALUES (55, '0gVxPZ2tcMgyzLxyw8k1z7');
INSERT IGNORE INTO albumGenre(genre_id, album_id) VALUES (3, '0gVxPZ2tcMgyzLxyw8k1z7');
INSERT IGNORE INTO albumGenre(genre_id, album_id) VALUES (32, '0gVxPZ2tcMgyzLxyw8k1z7');
INSERT IGNORE INTO albumGenre(genre_id, album_id) VALUES (6, '0gVxPZ2tcMgyzLxyw8k1z7');
INSERT IGNORE INTO albumGenre(genre_id, album_id) VALUES (155, '0gVxPZ2tcMgyzLxyw8k1z7');
INSERT IGNORE INTO albumGenre(genre_id, album_id) VALUES (156, '2T7DdrOvsqOqU9bGTkjBYu');
INSERT IGNORE INTO albumGenre(genre_id, album_id) VALUES (76, '2T7DdrOvsqOqU9bGTkjBYu');
INSERT IGNORE INTO albumGenre(genre_id, album_id) VALUES (156, '4m2880jivSbbyEGAKfITCa');
INSERT IGNORE INTO albumGenre(genre_id, album_id) VALUES (76, '4m2880jivSbbyEGAKfITCa');
INSERT IGNORE INTO albumGenre(genre_id, album_id) VALUES (75, '3eH0FdLqQtwQepYe6PazQw');
INSERT IGNORE INTO albumGenre(genre_id, album_id) VALUES (157, '3eH0FdLqQtwQepYe6PazQw');
INSERT IGNORE INTO albumGenre(genre_id, album_id) VALUES (158, '3eH0FdLqQtwQepYe6PazQw');
INSERT IGNORE INTO albumGenre(genre_id, album_id) VALUES (159, '12qv1aPM9tCeCXk56qIqYv');
INSERT IGNORE INTO albumGenre(genre_id, album_id) VALUES (160, '12qv1aPM9tCeCXk56qIqYv');
INSERT IGNORE INTO albumGenre(genre_id, album_id) VALUES (72, '12qv1aPM9tCeCXk56qIqYv');
INSERT IGNORE INTO albumGenre(genre_id, album_id) VALUES (74, '12qv1aPM9tCeCXk56qIqYv');
INSERT IGNORE INTO albumGenre(genre_id, album_id) VALUES (161, '12qv1aPM9tCeCXk56qIqYv');
INSERT IGNORE INTO albumGenre(genre_id, album_id) VALUES (162, '12qv1aPM9tCeCXk56qIqYv');
INSERT IGNORE INTO albumGenre(genre_id, album_id) VALUES (77, '12qv1aPM9tCeCXk56qIqYv');
INSERT IGNORE INTO albumGenre(genre_id, album_id) VALUES (82, '6mUdeDZCsExyJLMdAfDuwh');
INSERT IGNORE INTO albumGenre(genre_id, album_id) VALUES (20, '6mUdeDZCsExyJLMdAfDuwh');
INSERT IGNORE INTO albumGenre(genre_id, album_id) VALUES (6, '6mUdeDZCsExyJLMdAfDuwh');
INSERT IGNORE INTO albumGenre(genre_id, album_id) VALUES (60, '5jNDWA19BJbE24x1UUJGRY');
INSERT IGNORE INTO albumGenre(genre_id, album_id) VALUES (163, '5jNDWA19BJbE24x1UUJGRY');
INSERT IGNORE INTO albumGenre(genre_id, album_id) VALUES (164, '5jNDWA19BJbE24x1UUJGRY');
INSERT IGNORE INTO albumGenre(genre_id, album_id) VALUES (30, '5jNDWA19BJbE24x1UUJGRY');
INSERT IGNORE INTO albumGenre(genre_id, album_id) VALUES (41, '5jNDWA19BJbE24x1UUJGRY');
INSERT IGNORE INTO albumGenre(genre_id, album_id) VALUES (42, '5jNDWA19BJbE24x1UUJGRY');
INSERT IGNORE INTO albumGenre(genre_id, album_id) VALUES (43, '5jNDWA19BJbE24x1UUJGRY');
INSERT IGNORE INTO albumGenre(genre_id, album_id) VALUES (6, '5jNDWA19BJbE24x1UUJGRY');
INSERT IGNORE INTO albumGenre(genre_id, album_id) VALUES (44, '5jNDWA19BJbE24x1UUJGRY');
INSERT IGNORE INTO albumGenre(genre_id, album_id) VALUES (45, '5jNDWA19BJbE24x1UUJGRY');
INSERT IGNORE INTO albumGenre(genre_id, album_id) VALUES (46, '5jNDWA19BJbE24x1UUJGRY');
INSERT IGNORE INTO albumGenre(genre_id, album_id) VALUES (165, '62FTy4WqUxi3paBlxOhh4M');
INSERT IGNORE INTO albumGenre(genre_id, album_id) VALUES (106, '4Carzsnpd6yvuHZ49I0oz8');
INSERT IGNORE INTO albumGenre(genre_id, album_id) VALUES (8, '4Carzsnpd6yvuHZ49I0oz8');
INSERT IGNORE INTO albumGenre(genre_id, album_id) VALUES (89, '4Carzsnpd6yvuHZ49I0oz8');
INSERT IGNORE INTO albumGenre(genre_id, album_id) VALUES (9, '4Carzsnpd6yvuHZ49I0oz8');
INSERT IGNORE INTO albumGenre(genre_id, album_id) VALUES (26, '1RSC0dy1oOIS3RO8tomZOV');
INSERT IGNORE INTO albumGenre(genre_id, album_id) VALUES (60, '1RSC0dy1oOIS3RO8tomZOV');
INSERT IGNORE INTO albumGenre(genre_id, album_id) VALUES (28, '1RSC0dy1oOIS3RO8tomZOV');
INSERT IGNORE INTO albumGenre(genre_id, album_id) VALUES (29, '1RSC0dy1oOIS3RO8tomZOV');
INSERT IGNORE INTO albumGenre(genre_id, album_id) VALUES (166, '1RSC0dy1oOIS3RO8tomZOV');
INSERT IGNORE INTO albumGenre(genre_id, album_id) VALUES (30, '1RSC0dy1oOIS3RO8tomZOV');
INSERT IGNORE INTO albumGenre(genre_id, album_id) VALUES (167, '1RSC0dy1oOIS3RO8tomZOV');
INSERT IGNORE INTO albumGenre(genre_id, album_id) VALUES (168, '1RSC0dy1oOIS3RO8tomZOV');
INSERT IGNORE INTO albumGenre(genre_id, album_id) VALUES (6, '1RSC0dy1oOIS3RO8tomZOV');
INSERT IGNORE INTO albumGenre(genre_id, album_id) VALUES (44, '1RSC0dy1oOIS3RO8tomZOV');
INSERT IGNORE INTO albumGenre(genre_id, album_id) VALUES (63, '1RSC0dy1oOIS3RO8tomZOV');
INSERT IGNORE INTO albumGenre(genre_id, album_id) VALUES (169, '1RSC0dy1oOIS3RO8tomZOV');
INSERT IGNORE INTO albumGenre(genre_id, album_id) VALUES (36, '340MjPcVdiQRnMigrPybZA');
INSERT IGNORE INTO albumGenre(genre_id, album_id) VALUES (9, '340MjPcVdiQRnMigrPybZA');
INSERT IGNORE INTO albumGenre(genre_id, album_id) VALUES (170, '3bv0NUg3BXwT5Uh4PW4zUD');
INSERT IGNORE INTO albumGenre(genre_id, album_id) VALUES (41, '3bv0NUg3BXwT5Uh4PW4zUD');
INSERT IGNORE INTO albumGenre(genre_id, album_id) VALUES (42, '3bv0NUg3BXwT5Uh4PW4zUD');
INSERT IGNORE INTO albumGenre(genre_id, album_id) VALUES (43, '3bv0NUg3BXwT5Uh4PW4zUD');
INSERT IGNORE INTO albumGenre(genre_id, album_id) VALUES (46, '3bv0NUg3BXwT5Uh4PW4zUD');
INSERT IGNORE INTO albumGenre(genre_id, album_id) VALUES (20, '0HBgPC1vbZUmQziDZS78Rg');
INSERT IGNORE INTO albumGenre(genre_id, album_id) VALUES (6, '0HBgPC1vbZUmQziDZS78Rg');
INSERT IGNORE INTO albumGenre(genre_id, album_id) VALUES (171, '1s6BI47HpSDadSLxWmsJoj');
INSERT IGNORE INTO albumGenre(genre_id, album_id) VALUES (30, '1s6BI47HpSDadSLxWmsJoj');
INSERT IGNORE INTO albumGenre(genre_id, album_id) VALUES (44, '1s6BI47HpSDadSLxWmsJoj');
INSERT IGNORE INTO albumGenre(genre_id, album_id) VALUES (143, '6zVi5jNALX1GeD3MxiFmqo');
INSERT IGNORE INTO albumGenre(genre_id, album_id) VALUES (159, '6zVi5jNALX1GeD3MxiFmqo');
INSERT IGNORE INTO albumGenre(genre_id, album_id) VALUES (76, '6zVi5jNALX1GeD3MxiFmqo');
INSERT IGNORE INTO albumGenre(genre_id, album_id) VALUES (145, '6zVi5jNALX1GeD3MxiFmqo');
INSERT IGNORE INTO albumGenre(genre_id, album_id) VALUES (172, '6zVi5jNALX1GeD3MxiFmqo');
INSERT IGNORE INTO albumGenre(genre_id, album_id) VALUES (173, '6zVi5jNALX1GeD3MxiFmqo');
INSERT IGNORE INTO albumGenre(genre_id, album_id) VALUES (1, '0YkHsU3Mblh7jvNngbV20W');
INSERT IGNORE INTO albumGenre(genre_id, album_id) VALUES (174, '0YkHsU3Mblh7jvNngbV20W');
INSERT IGNORE INTO albumGenre(genre_id, album_id) VALUES (175, '0YkHsU3Mblh7jvNngbV20W');
INSERT IGNORE INTO albumGenre(genre_id, album_id) VALUES (25, '0YkHsU3Mblh7jvNngbV20W');
INSERT IGNORE INTO albumGenre(genre_id, album_id) VALUES (5, '0YkHsU3Mblh7jvNngbV20W');
INSERT IGNORE INTO albumGenre(genre_id, album_id) VALUES (26, '2PSsUGkAAAnBmUUSNBU6se');
INSERT IGNORE INTO albumGenre(genre_id, album_id) VALUES (28, '2PSsUGkAAAnBmUUSNBU6se');
INSERT IGNORE INTO albumGenre(genre_id, album_id) VALUES (163, '2PSsUGkAAAnBmUUSNBU6se');
INSERT IGNORE INTO albumGenre(genre_id, album_id) VALUES (20, '2PSsUGkAAAnBmUUSNBU6se');
INSERT IGNORE INTO albumGenre(genre_id, album_id) VALUES (30, '2PSsUGkAAAnBmUUSNBU6se');
INSERT IGNORE INTO albumGenre(genre_id, album_id) VALUES (41, '2PSsUGkAAAnBmUUSNBU6se');
INSERT IGNORE INTO albumGenre(genre_id, album_id) VALUES (42, '2PSsUGkAAAnBmUUSNBU6se');
INSERT IGNORE INTO albumGenre(genre_id, album_id) VALUES (43, '2PSsUGkAAAnBmUUSNBU6se');
INSERT IGNORE INTO albumGenre(genre_id, album_id) VALUES (6, '2PSsUGkAAAnBmUUSNBU6se');
INSERT IGNORE INTO albumGenre(genre_id, album_id) VALUES (44, '2PSsUGkAAAnBmUUSNBU6se');
INSERT IGNORE INTO albumGenre(genre_id, album_id) VALUES (46, '2PSsUGkAAAnBmUUSNBU6se');
INSERT IGNORE INTO albumGenre(genre_id, album_id) VALUES (75, '4UzyEKZKmEIKT1KkWO3Crp');
INSERT IGNORE INTO albumGenre(genre_id, album_id) VALUES (157, '4UzyEKZKmEIKT1KkWO3Crp');
INSERT IGNORE INTO albumGenre(genre_id, album_id) VALUES (158, '4UzyEKZKmEIKT1KkWO3Crp');
INSERT IGNORE INTO albumGenre(genre_id, album_id) VALUES (176, '1LrjVxiPQecTh1LugY8jPm');
INSERT IGNORE INTO albumGenre(genre_id, album_id) VALUES (177, '3GkFmC2guCvyAkcaS95nhc');
INSERT IGNORE INTO albumGenre(genre_id, album_id) VALUES (178, '3ofZeSWPHZOE5WC2tNZDez');
INSERT IGNORE INTO albumGenre(genre_id, album_id) VALUES (114, '3ofZeSWPHZOE5WC2tNZDez');
INSERT IGNORE INTO albumGenre(genre_id, album_id) VALUES (179, '3ofZeSWPHZOE5WC2tNZDez');
INSERT IGNORE INTO albumGenre(genre_id, album_id) VALUES (180, '3ofZeSWPHZOE5WC2tNZDez');
INSERT IGNORE INTO albumGenre(genre_id, album_id) VALUES (181, '3ofZeSWPHZOE5WC2tNZDez');
INSERT IGNORE INTO albumGenre(genre_id, album_id) VALUES (1, '78guAsers0klWl6RwzgDLd');
INSERT IGNORE INTO albumGenre(genre_id, album_id) VALUES (2, '78guAsers0klWl6RwzgDLd');
INSERT IGNORE INTO albumGenre(genre_id, album_id) VALUES (25, '78guAsers0klWl6RwzgDLd');
INSERT IGNORE INTO albumGenre(genre_id, album_id) VALUES (4, '78guAsers0klWl6RwzgDLd');
INSERT IGNORE INTO albumGenre(genre_id, album_id) VALUES (5, '78guAsers0klWl6RwzgDLd');
INSERT IGNORE INTO albumGenre(genre_id, album_id) VALUES (6, '78guAsers0klWl6RwzgDLd');
INSERT IGNORE INTO albumGenre(genre_id, album_id) VALUES (182, '78guAsers0klWl6RwzgDLd');
INSERT IGNORE INTO albumGenre(genre_id, album_id) VALUES (81, '7AOWw68DEPnDmTpquZw8bG');
INSERT IGNORE INTO albumGenre(genre_id, album_id) VALUES (4, '7AOWw68DEPnDmTpquZw8bG');
INSERT IGNORE INTO albumGenre(genre_id, album_id) VALUES (6, '7AOWw68DEPnDmTpquZw8bG');
INSERT IGNORE INTO albumGenre(genre_id, album_id) VALUES (1, '6mOXPtswKccKSx5dYmCXAc');
INSERT IGNORE INTO albumGenre(genre_id, album_id) VALUES (25, '6mOXPtswKccKSx5dYmCXAc');
INSERT IGNORE INTO albumGenre(genre_id, album_id) VALUES (38, '6mOXPtswKccKSx5dYmCXAc');
INSERT IGNORE INTO albumGenre(genre_id, album_id) VALUES (5, '6mOXPtswKccKSx5dYmCXAc');
INSERT IGNORE INTO albumGenre(genre_id, album_id) VALUES (6, '6mOXPtswKccKSx5dYmCXAc');
INSERT IGNORE INTO albumGenre(genre_id, album_id) VALUES (81, '1z6iuIsvWR3AjWhMY2xFOk');
INSERT IGNORE INTO albumGenre(genre_id, album_id) VALUES (4, '1z6iuIsvWR3AjWhMY2xFOk');
INSERT IGNORE INTO albumGenre(genre_id, album_id) VALUES (6, '1z6iuIsvWR3AjWhMY2xFOk');
INSERT IGNORE INTO albumGenre(genre_id, album_id) VALUES (1, '0hFWapnP7orzXCMwNU5DuA');
INSERT IGNORE INTO albumGenre(genre_id, album_id) VALUES (25, '0hFWapnP7orzXCMwNU5DuA');
INSERT IGNORE INTO albumGenre(genre_id, album_id) VALUES (52, '0hFWapnP7orzXCMwNU5DuA');
INSERT IGNORE INTO albumGenre(genre_id, album_id) VALUES (1, '0dZB8UHYsM7jKmm7ByzAVq');
INSERT IGNORE INTO albumGenre(genre_id, album_id) VALUES (25, '0dZB8UHYsM7jKmm7ByzAVq');
INSERT IGNORE INTO albumGenre(genre_id, album_id) VALUES (5, '0dZB8UHYsM7jKmm7ByzAVq');
INSERT IGNORE INTO albumGenre(genre_id, album_id) VALUES (53, '0dZB8UHYsM7jKmm7ByzAVq');
INSERT IGNORE INTO albumGenre(genre_id, album_id) VALUES (6, '0dZB8UHYsM7jKmm7ByzAVq');
INSERT IGNORE INTO albumGenre(genre_id, album_id) VALUES (1, '3Id3VUk9jSKBD1guNo1buF');
INSERT IGNORE INTO albumGenre(genre_id, album_id) VALUES (25, '3Id3VUk9jSKBD1guNo1buF');
INSERT IGNORE INTO albumGenre(genre_id, album_id) VALUES (72, '41rLKAOZZIcG5SFBaDBBxP');
INSERT IGNORE INTO albumGenre(genre_id, album_id) VALUES (89, '41rLKAOZZIcG5SFBaDBBxP');
INSERT IGNORE INTO albumGenre(genre_id, album_id) VALUES (113, '41rLKAOZZIcG5SFBaDBBxP');
INSERT IGNORE INTO albumGenre(genre_id, album_id) VALUES (183, '41rLKAOZZIcG5SFBaDBBxP');
INSERT IGNORE INTO albumGenre(genre_id, album_id) VALUES (1, '6bFbVc6Ozp6OEk7ueSqCxo');
INSERT IGNORE INTO albumGenre(genre_id, album_id) VALUES (184, '6bFbVc6Ozp6OEk7ueSqCxo');
INSERT IGNORE INTO albumGenre(genre_id, album_id) VALUES (25, '6bFbVc6Ozp6OEk7ueSqCxo');
INSERT IGNORE INTO albumGenre(genre_id, album_id) VALUES (5, '6bFbVc6Ozp6OEk7ueSqCxo');
INSERT IGNORE INTO albumGenre(genre_id, album_id) VALUES (53, '6bFbVc6Ozp6OEk7ueSqCxo');
INSERT IGNORE INTO albumGenre(genre_id, album_id) VALUES (185, '0hHopYqXhuvYSHtVyrcb1g');
INSERT IGNORE INTO albumGenre(genre_id, album_id) VALUES (3, '0hHopYqXhuvYSHtVyrcb1g');
INSERT IGNORE INTO albumGenre(genre_id, album_id) VALUES (6, '0hHopYqXhuvYSHtVyrcb1g');
INSERT IGNORE INTO albumGenre(genre_id, album_id) VALUES (186, '3pPBbp1Nl9n1AM9xFpdKtZ');
INSERT IGNORE INTO albumGenre(genre_id, album_id) VALUES (119, '3pPBbp1Nl9n1AM9xFpdKtZ');
INSERT IGNORE INTO albumGenre(genre_id, album_id) VALUES (187, '3pPBbp1Nl9n1AM9xFpdKtZ');
INSERT IGNORE INTO albumGenre(genre_id, album_id) VALUES (188, '3pPBbp1Nl9n1AM9xFpdKtZ');
INSERT IGNORE INTO albumGenre(genre_id, album_id) VALUES (189, '3pPBbp1Nl9n1AM9xFpdKtZ');
INSERT IGNORE INTO albumGenre(genre_id, album_id) VALUES (114, '3pPBbp1Nl9n1AM9xFpdKtZ');
INSERT IGNORE INTO albumGenre(genre_id, album_id) VALUES (67, '5tF2lAa2rh2kU2xIiBzWia');
INSERT IGNORE INTO albumGenre(genre_id, album_id) VALUES (3, '5tF2lAa2rh2kU2xIiBzWia');
INSERT IGNORE INTO albumGenre(genre_id, album_id) VALUES (190, '5tF2lAa2rh2kU2xIiBzWia');
INSERT IGNORE INTO albumGenre(genre_id, album_id) VALUES (89, '5tF2lAa2rh2kU2xIiBzWia');
INSERT IGNORE INTO albumGenre(genre_id, album_id) VALUES (38, '5tF2lAa2rh2kU2xIiBzWia');
INSERT IGNORE INTO albumGenre(genre_id, album_id) VALUES (191, '5eqcF7pWzHgWpGdEmHgeSN');
INSERT IGNORE INTO albumGenre(genre_id, album_id) VALUES (60, '5eqcF7pWzHgWpGdEmHgeSN');
INSERT IGNORE INTO albumGenre(genre_id, album_id) VALUES (163, '5eqcF7pWzHgWpGdEmHgeSN');
INSERT IGNORE INTO albumGenre(genre_id, album_id) VALUES (192, '5eqcF7pWzHgWpGdEmHgeSN');
INSERT IGNORE INTO albumGenre(genre_id, album_id) VALUES (42, '5eqcF7pWzHgWpGdEmHgeSN');
INSERT IGNORE INTO albumGenre(genre_id, album_id) VALUES (4, '5eqcF7pWzHgWpGdEmHgeSN');
INSERT IGNORE INTO albumGenre(genre_id, album_id) VALUES (193, '5eqcF7pWzHgWpGdEmHgeSN');
INSERT IGNORE INTO albumGenre(genre_id, album_id) VALUES (6, '5eqcF7pWzHgWpGdEmHgeSN');
INSERT IGNORE INTO albumGenre(genre_id, album_id) VALUES (169, '5eqcF7pWzHgWpGdEmHgeSN');
INSERT IGNORE INTO albumGenre(genre_id, album_id) VALUES (67, '3d7xzl9F5kB5quLHUVI20I');
INSERT IGNORE INTO albumGenre(genre_id, album_id) VALUES (194, '3d7xzl9F5kB5quLHUVI20I');
INSERT IGNORE INTO albumGenre(genre_id, album_id) VALUES (3, '3d7xzl9F5kB5quLHUVI20I');
INSERT IGNORE INTO albumGenre(genre_id, album_id) VALUES (195, '3d7xzl9F5kB5quLHUVI20I');
INSERT IGNORE INTO albumGenre(genre_id, album_id) VALUES (38, '3d7xzl9F5kB5quLHUVI20I');
INSERT IGNORE INTO albumGenre(genre_id, album_id) VALUES (196, '3d7xzl9F5kB5quLHUVI20I');
INSERT IGNORE INTO albumGenre(genre_id, album_id) VALUES (39, '3d7xzl9F5kB5quLHUVI20I');
INSERT IGNORE INTO albumGenre(genre_id, album_id) VALUES (197, '1979ERApWz1wTn3AgY3Wcz');
INSERT IGNORE INTO albumGenre(genre_id, album_id) VALUES (1, '6hqietEuZCikevdO2oGTcx');
INSERT IGNORE INTO albumGenre(genre_id, album_id) VALUES (25, '6hqietEuZCikevdO2oGTcx');
INSERT IGNORE INTO albumGenre(genre_id, album_id) VALUES (5, '6hqietEuZCikevdO2oGTcx');
INSERT IGNORE INTO albumGenre(genre_id, album_id) VALUES (6, '6hqietEuZCikevdO2oGTcx');
INSERT IGNORE INTO albumGenre(genre_id, album_id) VALUES (26, '3rxF05Aux0QTrN533Kjc91');
INSERT IGNORE INTO albumGenre(genre_id, album_id) VALUES (20, '3rxF05Aux0QTrN533Kjc91');
INSERT IGNORE INTO albumGenre(genre_id, album_id) VALUES (21, '3rxF05Aux0QTrN533Kjc91');
INSERT IGNORE INTO albumGenre(genre_id, album_id) VALUES (6, '3rxF05Aux0QTrN533Kjc91');
INSERT IGNORE INTO albumGenre(genre_id, album_id) VALUES (198, '3rxF05Aux0QTrN533Kjc91');
INSERT IGNORE INTO albumGenre(genre_id, album_id) VALUES (26, '4vQ96yyyYbaeTQujH3iTtd');
INSERT IGNORE INTO albumGenre(genre_id, album_id) VALUES (199, '4vQ96yyyYbaeTQujH3iTtd');
INSERT IGNORE INTO albumGenre(genre_id, album_id) VALUES (200, '4vQ96yyyYbaeTQujH3iTtd');
INSERT IGNORE INTO albumGenre(genre_id, album_id) VALUES (201, '4vQ96yyyYbaeTQujH3iTtd');
INSERT IGNORE INTO albumGenre(genre_id, album_id) VALUES (20, '4vQ96yyyYbaeTQujH3iTtd');
INSERT IGNORE INTO albumGenre(genre_id, album_id) VALUES (21, '4vQ96yyyYbaeTQujH3iTtd');
INSERT IGNORE INTO albumGenre(genre_id, album_id) VALUES (6, '4vQ96yyyYbaeTQujH3iTtd');
INSERT IGNORE INTO albumGenre(genre_id, album_id) VALUES (26, '71cfSO0iO1fjgQLEb3Wc6C');
INSERT IGNORE INTO albumGenre(genre_id, album_id) VALUES (199, '71cfSO0iO1fjgQLEb3Wc6C');
INSERT IGNORE INTO albumGenre(genre_id, album_id) VALUES (200, '71cfSO0iO1fjgQLEb3Wc6C');
INSERT IGNORE INTO albumGenre(genre_id, album_id) VALUES (201, '71cfSO0iO1fjgQLEb3Wc6C');
INSERT IGNORE INTO albumGenre(genre_id, album_id) VALUES (20, '71cfSO0iO1fjgQLEb3Wc6C');
INSERT IGNORE INTO albumGenre(genre_id, album_id) VALUES (21, '71cfSO0iO1fjgQLEb3Wc6C');
INSERT IGNORE INTO albumGenre(genre_id, album_id) VALUES (6, '71cfSO0iO1fjgQLEb3Wc6C');
INSERT IGNORE INTO albumGenre(genre_id, album_id) VALUES (26, '6x75r5C54z1quun86Bbqbr');
INSERT IGNORE INTO albumGenre(genre_id, album_id) VALUES (199, '6x75r5C54z1quun86Bbqbr');
INSERT IGNORE INTO albumGenre(genre_id, album_id) VALUES (200, '6x75r5C54z1quun86Bbqbr');
INSERT IGNORE INTO albumGenre(genre_id, album_id) VALUES (201, '6x75r5C54z1quun86Bbqbr');
INSERT IGNORE INTO albumGenre(genre_id, album_id) VALUES (20, '6x75r5C54z1quun86Bbqbr');
INSERT IGNORE INTO albumGenre(genre_id, album_id) VALUES (21, '6x75r5C54z1quun86Bbqbr');
INSERT IGNORE INTO albumGenre(genre_id, album_id) VALUES (6, '6x75r5C54z1quun86Bbqbr');
INSERT IGNORE INTO albumGenre(genre_id, album_id) VALUES (202, '2uehY2zRsh0h6ZmJt8LLQi');
INSERT IGNORE INTO albumGenre(genre_id, album_id) VALUES (20, '2uehY2zRsh0h6ZmJt8LLQi');
INSERT IGNORE INTO albumGenre(genre_id, album_id) VALUES (203, '2uehY2zRsh0h6ZmJt8LLQi');
INSERT IGNORE INTO albumGenre(genre_id, album_id) VALUES (21, '2uehY2zRsh0h6ZmJt8LLQi');
INSERT IGNORE INTO albumGenre(genre_id, album_id) VALUES (204, '2uehY2zRsh0h6ZmJt8LLQi');
INSERT IGNORE INTO albumGenre(genre_id, album_id) VALUES (205, '2uehY2zRsh0h6ZmJt8LLQi');
INSERT IGNORE INTO albumGenre(genre_id, album_id) VALUES (206, '2uehY2zRsh0h6ZmJt8LLQi');
INSERT IGNORE INTO albumGenre(genre_id, album_id) VALUES (35, '3I9Z1nDCL4E0cP62flcbI5');
INSERT IGNORE INTO albumGenre(genre_id, album_id) VALUES (20, '3I9Z1nDCL4E0cP62flcbI5');
INSERT IGNORE INTO albumGenre(genre_id, album_id) VALUES (6, '3I9Z1nDCL4E0cP62flcbI5');
INSERT IGNORE INTO albumGenre(genre_id, album_id) VALUES (65, '2o2G49EPi4lua5zgxUKhLL');
INSERT IGNORE INTO albumGenre(genre_id, album_id) VALUES (207, '2o2G49EPi4lua5zgxUKhLL');
INSERT IGNORE INTO albumGenre(genre_id, album_id) VALUES (208, '2o2G49EPi4lua5zgxUKhLL');
INSERT IGNORE INTO albumGenre(genre_id, album_id) VALUES (209, '2o2G49EPi4lua5zgxUKhLL');
INSERT IGNORE INTO albumGenre(genre_id, album_id) VALUES (30, '2o2G49EPi4lua5zgxUKhLL');
INSERT IGNORE INTO albumGenre(genre_id, album_id) VALUES (44, '2o2G49EPi4lua5zgxUKhLL');
INSERT IGNORE INTO albumGenre(genre_id, album_id) VALUES (26, '1WFozsJ1CQfkuGcd9GjYTX');
INSERT IGNORE INTO albumGenre(genre_id, album_id) VALUES (210, '1WFozsJ1CQfkuGcd9GjYTX');
INSERT IGNORE INTO albumGenre(genre_id, album_id) VALUES (28, '1WFozsJ1CQfkuGcd9GjYTX');
INSERT IGNORE INTO albumGenre(genre_id, album_id) VALUES (35, '1WFozsJ1CQfkuGcd9GjYTX');
INSERT IGNORE INTO albumGenre(genre_id, album_id) VALUES (20, '1WFozsJ1CQfkuGcd9GjYTX');
INSERT IGNORE INTO albumGenre(genre_id, album_id) VALUES (21, '1WFozsJ1CQfkuGcd9GjYTX');
INSERT IGNORE INTO albumGenre(genre_id, album_id) VALUES (6, '1WFozsJ1CQfkuGcd9GjYTX');
INSERT IGNORE INTO albumGenre(genre_id, album_id) VALUES (3, '0ED1EFdYpBU4qj4iWFW0sg');
INSERT IGNORE INTO albumGenre(genre_id, album_id) VALUES (211, '0ED1EFdYpBU4qj4iWFW0sg');
INSERT IGNORE INTO albumGenre(genre_id, album_id) VALUES (6, '0ED1EFdYpBU4qj4iWFW0sg');
INSERT IGNORE INTO albumGenre(genre_id, album_id) VALUES (212, '0ED1EFdYpBU4qj4iWFW0sg');
INSERT IGNORE INTO albumGenre(genre_id, album_id) VALUES (200, '4oruHZSLyTDKPNY2VQIlCS');
INSERT IGNORE INTO albumGenre(genre_id, album_id) VALUES (213, '4oruHZSLyTDKPNY2VQIlCS');
INSERT IGNORE INTO albumGenre(genre_id, album_id) VALUES (20, '4oruHZSLyTDKPNY2VQIlCS');
INSERT IGNORE INTO albumGenre(genre_id, album_id) VALUES (203, '4oruHZSLyTDKPNY2VQIlCS');
INSERT IGNORE INTO albumGenre(genre_id, album_id) VALUES (21, '4oruHZSLyTDKPNY2VQIlCS');
INSERT IGNORE INTO albumGenre(genre_id, album_id) VALUES (204, '4oruHZSLyTDKPNY2VQIlCS');
INSERT IGNORE INTO albumGenre(genre_id, album_id) VALUES (205, '4oruHZSLyTDKPNY2VQIlCS');
INSERT IGNORE INTO albumGenre(genre_id, album_id) VALUES (198, '4oruHZSLyTDKPNY2VQIlCS');
INSERT IGNORE INTO albumGenre(genre_id, album_id) VALUES (214, '6S7oLnfl8vaUY50VcXAdqh');
INSERT IGNORE INTO albumGenre(genre_id, album_id) VALUES (215, '6S7oLnfl8vaUY50VcXAdqh');
INSERT IGNORE INTO albumGenre(genre_id, album_id) VALUES (216, '6S7oLnfl8vaUY50VcXAdqh');
INSERT IGNORE INTO albumGenre(genre_id, album_id) VALUES (144, '4VzzEviJGYUtAeSsJlI9QB');
INSERT IGNORE INTO albumGenre(genre_id, album_id) VALUES (69, '4VzzEviJGYUtAeSsJlI9QB');
INSERT IGNORE INTO albumGenre(genre_id, album_id) VALUES (3, '4VzzEviJGYUtAeSsJlI9QB');
INSERT IGNORE INTO albumGenre(genre_id, album_id) VALUES (6, '4VzzEviJGYUtAeSsJlI9QB');
INSERT IGNORE INTO albumGenre(genre_id, album_id) VALUES (216, '2XGFVYNHi4z3zwd3e2kNO1');
INSERT IGNORE INTO albumGenre(genre_id, album_id) VALUES (3, '2XGFVYNHi4z3zwd3e2kNO1');
INSERT IGNORE INTO albumGenre(genre_id, album_id) VALUES (103, '073hIhdGDDOfOXDiYvO0kC');
INSERT IGNORE INTO albumGenre(genre_id, album_id) VALUES (217, '073hIhdGDDOfOXDiYvO0kC');
INSERT IGNORE INTO albumGenre(genre_id, album_id) VALUES (111, '073hIhdGDDOfOXDiYvO0kC');
INSERT IGNORE INTO albumGenre(genre_id, album_id) VALUES (103, '5Q5m22P7jIwdMSKXqhrpaN');
INSERT IGNORE INTO albumGenre(genre_id, album_id) VALUES (111, '5Q5m22P7jIwdMSKXqhrpaN');
INSERT IGNORE INTO albumGenre(genre_id, album_id) VALUES (112, '5Q5m22P7jIwdMSKXqhrpaN');
INSERT IGNORE INTO albumGenre(genre_id, album_id) VALUES (218, '0oh508XnKox2kccQf7TKOO');
INSERT IGNORE INTO albumGenre(genre_id, album_id) VALUES (219, '0oh508XnKox2kccQf7TKOO');
INSERT IGNORE INTO albumGenre(genre_id, album_id) VALUES (220, '0oh508XnKox2kccQf7TKOO');
INSERT IGNORE INTO albumGenre(genre_id, album_id) VALUES (15, '0oh508XnKox2kccQf7TKOO');
INSERT IGNORE INTO albumGenre(genre_id, album_id) VALUES (93, '6t4LdKTNWIOr2PZIB8tiZF');
INSERT IGNORE INTO albumGenre(genre_id, album_id) VALUES (94, '6t4LdKTNWIOr2PZIB8tiZF');
INSERT IGNORE INTO albumGenre(genre_id, album_id) VALUES (42, '6t4LdKTNWIOr2PZIB8tiZF');
INSERT IGNORE INTO albumGenre(genre_id, album_id) VALUES (4, '6t4LdKTNWIOr2PZIB8tiZF');
INSERT IGNORE INTO albumGenre(genre_id, album_id) VALUES (38, '6t4LdKTNWIOr2PZIB8tiZF');
INSERT IGNORE INTO albumGenre(genre_id, album_id) VALUES (6, '6t4LdKTNWIOr2PZIB8tiZF');
INSERT IGNORE INTO albumGenre(genre_id, album_id) VALUES (221, '6t4LdKTNWIOr2PZIB8tiZF');
INSERT IGNORE INTO albumGenre(genre_id, album_id) VALUES (222, '1pzKgYk9LdiXwU3aWAYyk3');
INSERT IGNORE INTO albumGenre(genre_id, album_id) VALUES (1, '5a7IYaMXvBbfKJRdsB2dWg');
INSERT IGNORE INTO albumGenre(genre_id, album_id) VALUES (50, '5a7IYaMXvBbfKJRdsB2dWg');
INSERT IGNORE INTO albumGenre(genre_id, album_id) VALUES (140, '5a7IYaMXvBbfKJRdsB2dWg');
INSERT IGNORE INTO albumGenre(genre_id, album_id) VALUES (100, '5a7IYaMXvBbfKJRdsB2dWg');
INSERT IGNORE INTO albumGenre(genre_id, album_id) VALUES (223, '0sKcuounq52lm9hmFwEZN5');
INSERT IGNORE INTO albumGenre(genre_id, album_id) VALUES (98, '0sKcuounq52lm9hmFwEZN5');
INSERT IGNORE INTO albumGenre(genre_id, album_id) VALUES (69, '0sKcuounq52lm9hmFwEZN5');
INSERT IGNORE INTO albumGenre(genre_id, album_id) VALUES (55, '0sKcuounq52lm9hmFwEZN5');
INSERT IGNORE INTO albumGenre(genre_id, album_id) VALUES (3, '0sKcuounq52lm9hmFwEZN5');
INSERT IGNORE INTO albumGenre(genre_id, album_id) VALUES (6, '0sKcuounq52lm9hmFwEZN5');
INSERT IGNORE INTO albumGenre(genre_id, album_id) VALUES (195, '4JkTiX8mi8aEkAg8Pmal3c');
INSERT IGNORE INTO albumGenre(genre_id, album_id) VALUES (224, '4JkTiX8mi8aEkAg8Pmal3c');
INSERT IGNORE INTO albumGenre(genre_id, album_id) VALUES (225, '4G2rJNhsKOE6iHgtUqZ0Ye');
INSERT IGNORE INTO user(id, display_name, tribe) VALUES ('amarelow', 'Thiago C. Amaral', 'A');
INSERT IGNORE INTO user(id, display_name, tribe) VALUES ('22kg2xrbtfy6wgmq44h7w67yi', 'Mabiane Coimbra', 'A');
INSERT IGNORE INTO user(id, display_name, tribe) VALUES ('lucasdolohov190', 'lucasdolohov190', 'A');
INSERT IGNORE INTO user(id, display_name, tribe) VALUES ('22ffntavbchj56rxyxk2nwk5i', 'Renato Álvares', 'A');
INSERT IGNORE INTO user(id, display_name, tribe) VALUES ('31ewcmsnymbua4ggyhjk7hqengry', 'Rafaela', 'A');
INSERT IGNORE INTO user(id, display_name, tribe) VALUES ('12180679559', 'Priscila Silva', 'A');
INSERT IGNORE INTO artist(id, name) VALUES ('1dfeR4HaWDbWqFHLkxsg1d', 'Queen');
INSERT IGNORE INTO artist(id, name) VALUES ('22WZ7M8sxp5THdruNY3gXt', 'The Doors');
INSERT IGNORE INTO artist(id, name) VALUES ('12Chz98pHFMPJEknJQMWvI', 'Muse');
INSERT IGNORE INTO artist(id, name) VALUES ('6XyY86QOPPrYVGvF9ch6wz', 'Linkin Park');
INSERT IGNORE INTO artist(id, name) VALUES ('3YQKmKGau1PzlVlkL1iodx', 'Twenty One Pilots');
INSERT IGNORE INTO artist(id, name) VALUES ('6tw6EpC9RgmSRZiZg0n22t', 'Legião Urbana');
INSERT IGNORE INTO artist(id, name) VALUES ('3o2dn2O0FCVsWDFSh8qxgG', 'Sabaton');
INSERT IGNORE INTO artist(id, name) VALUES ('05fG473iIaoy82BF1aGhL8', 'Slipknot');
INSERT IGNORE INTO artist(id, name) VALUES ('51Blml2LZPmy7TTiAg47vQ', 'U2');
INSERT IGNORE INTO artist(id, name) VALUES ('67ea9eGLXYMsO2eYQRui3w', 'The Who');
INSERT IGNORE INTO artist(id, name) VALUES ('2oqwwcM17wrP9hBD25zKSR', 'Lewis Del Mar');
INSERT IGNORE INTO artist(id, name) VALUES ('2FXC3k01G6Gw61bmprjgqS', 'Hozier');
INSERT IGNORE INTO artist(id, name) VALUES ('0GNq4xh8uFCyihPurnunf7', 'Engenheiros Do Hawaii');
INSERT IGNORE INTO artist(id, name) VALUES ('4MVyzYMgTwdP7Z49wAZHx0', 'Lynyrd Skynyrd');
INSERT IGNORE INTO artist(id, name) VALUES ('0L8ExT028jH3ddEcZwqJJ5', 'Red Hot Chili Peppers');
INSERT IGNORE INTO artist(id, name) VALUES ('0pcoadNMmvrUyab1RxWBoV', 'MC Hariel');
INSERT IGNORE INTO artist(id, name) VALUES ('7i9j813KFoSBMldGqlh2Z1', 'Riton');
INSERT IGNORE INTO artist(id, name) VALUES ('3M4ThdJR28z9eSMcQHAZ5G', 'The Fratellis');
INSERT IGNORE INTO artist(id, name) VALUES ('1CoZyIx7UvdxT5c8UkMzHd', 'Jorja Smith');
INSERT IGNORE INTO artist(id, name) VALUES ('0k17h0D3J5VfsdmQ1iZtE9', 'Pink Floyd');
INSERT IGNORE INTO artist(id, name) VALUES ('1moxjboGR7GNWYIMWsRjgG', 'Florence + The Machine');
INSERT IGNORE INTO artist(id, name) VALUES ('4JNo6Q5KdcRf1vtSX9mB0S', 'João Gomes');
INSERT IGNORE INTO artist(id, name) VALUES ('3EOEK57CV77D4ovYVcmiyt', 'Dennis Lloyd');
INSERT IGNORE INTO artist(id, name) VALUES ('7JMwO9tyFPMsb2KnsJqZlp', 'B Young');
INSERT IGNORE INTO artist(id, name) VALUES ('5Lv2GUVwqmQBPwrTrxucE5', 'Os Barões Da Pisadinha');
INSERT IGNORE INTO artist(id, name) VALUES ('74xb8SFX8eTF8GYIBWLzeC', 'Veeiye');
INSERT IGNORE INTO artist(id, name) VALUES ('53XhwfbYqKCa1cC15pYq2q', 'Imagine Dragons');
INSERT IGNORE INTO artist(id, name) VALUES ('7o9Nl7K1Al6NNAHX6jn6iG', 'Travie McCoy');
INSERT IGNORE INTO artist(id, name) VALUES ('0du5cEVh5yTK9QJze8zA0C', 'Bruno Mars');
INSERT IGNORE INTO artist(id, name) VALUES ('711MCceyCBcFnzjGY4Q7Un', 'AC/DC');
INSERT IGNORE INTO artist(id, name) VALUES ('64tNsm6TnZe2zpcMVMOoHL', 'Alice In Chains');
INSERT IGNORE INTO artist(id, name) VALUES ('6olE6TJLqED3rqDCT0FyPh', 'Nirvana');
INSERT IGNORE INTO artist(id, name) VALUES ('3RNrq3jvMZxD9ZyoOZbQOD', 'Korn');
INSERT IGNORE INTO artist(id, name) VALUES ('3HVdAiMNjYrQIKlOGxoGh5', 'Rob Zombie');
INSERT IGNORE INTO artist(id, name) VALUES ('165ZgPlLkK7bf5bDoFc6Sb', 'Limp Bizkit');
INSERT IGNORE INTO artist(id, name) VALUES ('6mdiAmATAx73kdxrNrnlao', 'Iron Maiden');
INSERT IGNORE INTO artist(id, name) VALUES ('2ye2Wgw4gimLv2eAKyk1NB', 'Metallica');
INSERT IGNORE INTO artist(id, name) VALUES ('3WrFJ7ztbogyGnTHbHJFl2', 'The Beatles');
INSERT IGNORE INTO artist(id, name) VALUES ('4F84IBURUo98rz4r61KF70', 'The White Stripes');
INSERT IGNORE INTO artist(id, name) VALUES ('7jy3rLJdDQY21OgRLCZ9sD', 'Foo Fighters');
INSERT IGNORE INTO artist(id, name) VALUES ('3qm84nBOXUEQ2vnTfUTTFC', 'Guns N\' Roses');
INSERT IGNORE INTO artist(id, name) VALUES ('2x9SpqnPi8rlE9pjHBwmSC', 'Talking Heads');
INSERT IGNORE INTO artist(id, name) VALUES ('4Z8W4fKeB5YxbusRsdQVPb', 'Radiohead');
INSERT IGNORE INTO artist(id, name) VALUES ('0Grjlu7ncIuCaSYvCs9fcd', 'New Radicals');
INSERT IGNORE INTO artist(id, name) VALUES ('4bthk9UfsYUYdcFyqxmSUU', 'Tears For Fears');
INSERT IGNORE INTO artist(id, name) VALUES ('6UcJxoeHWWWyT5HZP064om', 'Chet Faker');
INSERT IGNORE INTO artist(id, name) VALUES ('6zvul52xwTWzilBZl6BUbT', 'Pixies');
INSERT IGNORE INTO artist(id, name) VALUES ('5LfGQac0EIXyAN8aUwmNAQ', 'The Offspring');
INSERT IGNORE INTO artist(id, name) VALUES ('2feDdbD5araYcm6JhFHHw7', 'Labrinth');
INSERT IGNORE INTO artist(id, name) VALUES ('64H8UqGLbJFHwKtGxiV8OP', 'THE ANXIETY');
INSERT IGNORE INTO artist(id, name) VALUES ('26T3LtbuGT1Fu9m0eRq5X3', 'Cage The Elephant');
INSERT IGNORE INTO artist(id, name) VALUES ('1gRNBaI4yn6wCCTvRhGWh8', 'Don McLean');
INSERT IGNORE INTO artist(id, name) VALUES ('7oPftvlwr6VrsViSDV7fJY', 'Green Day');
INSERT IGNORE INTO artist(id, name) VALUES ('6ogn9necmbUdCppmNnGOdi', 'Alanis Morissette');
INSERT IGNORE INTO artist(id, name) VALUES ('0dlOr0VIysztGWvU1dpjmP', 'Natalie Imbruglia');
INSERT IGNORE INTO album(id, name, artist_id, release_date) VALUES ('6i6folBtxKV28WX3msQ4FE', 'Bohemian Rhapsody (The Original Soundtrack)', '1dfeR4HaWDbWqFHLkxsg1d', '2018-10-19 00:00:00');
INSERT IGNORE INTO album(id, name, artist_id, release_date) VALUES ('7IKUTIc9UWuVngyGPtqNHS', 'L.A. Woman', '22WZ7M8sxp5THdruNY3gXt', '1971-04-19 00:00:00');
INSERT IGNORE INTO album(id, name, artist_id, release_date) VALUES ('0eFHYz8NmK75zSplL5qlfM', 'The Resistance', '12Chz98pHFMPJEknJQMWvI', '2009-09-10 00:00:00');
INSERT IGNORE INTO album(id, name, artist_id, release_date) VALUES ('4Gfnly5CzMJQqkUFfoHaP3', 'Meteora', '6XyY86QOPPrYVGvF9ch6wz', '2003-03-24 00:00:00');
INSERT IGNORE INTO album(id, name, artist_id, release_date) VALUES ('3cQO7jp5S9qLBoIVtbkSM1', 'Blurryface', '3YQKmKGau1PzlVlkL1iodx', '2015-05-15 00:00:00');
INSERT IGNORE INTO album(id, name, artist_id, release_date) VALUES ('4OCJTpOLqSgysGY4yBCGhn', 'Dois', '6tw6EpC9RgmSRZiZg0n22t', '1986-01-01 00:00:00');
INSERT IGNORE INTO album(id, name, artist_id, release_date) VALUES ('0ByHC8GAef76h66JrvigzE', 'The Art of War (Re-Armed)', '3o2dn2O0FCVsWDFSh8qxgG', '2010-09-24 00:00:00');
INSERT IGNORE INTO album(id, name, artist_id, release_date) VALUES ('4ZDBQSIDIZRUBOG2OHcN3T', 'Vol. 3: The Subliminal Verses', '05fG473iIaoy82BF1aGhL8', '2004-01-01 00:00:00');
INSERT IGNORE INTO album(id, name, artist_id, release_date) VALUES ('0WSpHK6tinGHU4gvP8fHih', 'The Best Of 1980 - 1990', '51Blml2LZPmy7TTiAg47vQ', '1998-11-02 00:00:00');
INSERT IGNORE INTO album(id, name, artist_id, release_date) VALUES ('5MqyhhHbT13zsloD3uHhlQ', 'Who\'s Next', '67ea9eGLXYMsO2eYQRui3w', '1971-08-14 00:00:00');
INSERT IGNORE INTO album(id, name, artist_id, release_date) VALUES ('0f6br7CLoGXr5WhM4ZS23K', 'AUGUST', '2oqwwcM17wrP9hBD25zKSR', '2020-08-21 00:00:00');
INSERT IGNORE INTO album(id, name, artist_id, release_date) VALUES ('5j1ZsFyNCsnt62prbs85eE', 'Wasteland, Baby!', '2FXC3k01G6Gw61bmprjgqS', '2019-03-01 00:00:00');
INSERT IGNORE INTO album(id, name, artist_id, release_date) VALUES ('26A68nUfZ08rQSrwjSdcR5', 'Acústico (Ao Vivo / Deluxe)', '0GNq4xh8uFCyihPurnunf7', '2015-06-16 00:00:00');
INSERT IGNORE INTO album(id, name, artist_id, release_date) VALUES ('6DExt1eX4lflLacVjHHbOs', 'Pronounced\' Leh-\'Nerd \'Skin-\'Nerd', '4MVyzYMgTwdP7Z49wAZHx0', '1973-01-01 00:00:00');
INSERT IGNORE INTO album(id, name, artist_id, release_date) VALUES ('2Y9IRtehByVkegoD7TcLfi', 'Californication (Deluxe Edition)', '0L8ExT028jH3ddEcZwqJJ5', '1999-06-08 00:00:00');
INSERT IGNORE INTO album(id, name, artist_id, release_date) VALUES ('7a5U0GPoAvT3gvEY66FRuN', 'All That You Can\'t Leave Behind', '51Blml2LZPmy7TTiAg47vQ', '2000-01-01 00:00:00');
INSERT IGNORE INTO album(id, name, artist_id, release_date) VALUES ('5Pbtsfyg1Qr5ZhZFP7YBpW', 'Hit do Ano - O Peso da Luta', '0pcoadNMmvrUyab1RxWBoV', '2021-02-05 00:00:00');
INSERT IGNORE INTO album(id, name, artist_id, release_date) VALUES ('39qsmsNRXjVaFqTZj9af0j', 'Friday (feat. Mufasa & Hypeman) [Dopamine Re-Edit]', '7i9j813KFoSBMldGqlh2Z1', '2021-01-15 00:00:00');
INSERT IGNORE INTO album(id, name, artist_id, release_date) VALUES ('7mZh4xOrvqLmW30UIZm3X6', 'Chelsea Dagger (Radio Edit)', '3M4ThdJR28z9eSMcQHAZ5G', '2006-01-01 00:00:00');
INSERT IGNORE INTO album(id, name, artist_id, release_date) VALUES ('3AlSuZnX4ZCab8eoWnnfbm', 'Lost & Found', '1CoZyIx7UvdxT5c8UkMzHd', '2018-06-08 00:00:00');
INSERT IGNORE INTO album(id, name, artist_id, release_date) VALUES ('0bCAjiUamIFqKJsekOYuRw', 'Wish You Were Here', '0k17h0D3J5VfsdmQ1iZtE9', '1975-09-12 00:00:00');
INSERT IGNORE INTO album(id, name, artist_id, release_date) VALUES ('1rLLyY5p6HXNl2lKzINWp5', 'Lungs (Deluxe Version)', '1moxjboGR7GNWYIMWsRjgG', '2009-01-01 00:00:00');
INSERT IGNORE INTO album(id, name, artist_id, release_date) VALUES ('5y08Ec8KBmVFcvS5NcNuaZ', 'Eu Tenho a Senha', '4JNo6Q5KdcRf1vtSX9mB0S', '2021-06-01 00:00:00');
INSERT IGNORE INTO album(id, name, artist_id, release_date) VALUES ('0mhsDkI1SGicEIzOP6LxTb', 'Meu Bem', '4JNo6Q5KdcRf1vtSX9mB0S', '2021-08-27 00:00:00');
INSERT IGNORE INTO album(id, name, artist_id, release_date) VALUES ('4GxEU2Ff0UjkBPJRguxz5Q', 'Never Go Back (Remixes)', '3EOEK57CV77D4ovYVcmiyt', '2019-06-07 00:00:00');
INSERT IGNORE INTO album(id, name, artist_id, release_date) VALUES ('0jBr0NzQG8IEi1jKvoHKJt', 'Jumanji', '7JMwO9tyFPMsb2KnsJqZlp', '2018-01-05 00:00:00');
INSERT IGNORE INTO album(id, name, artist_id, release_date) VALUES ('2ox3dMDK8hSZ1kkIJRbslu', 'Conquistas - EP 1 (Ao Vivo)', '5Lv2GUVwqmQBPwrTrxucE5', '2020-05-29 00:00:00');
INSERT IGNORE INTO album(id, name, artist_id, release_date) VALUES ('02A37qR4uGLlt1xmrKDMSz', 'Ecstasy', '74xb8SFX8eTF8GYIBWLzeC', '2017-03-27 00:00:00');
INSERT IGNORE INTO album(id, name, artist_id, release_date) VALUES ('1bTgKomQYSkKYPD9UI9W4b', 'Enemy (with JID) [from the series Arcane League of Legends]', '53XhwfbYqKCa1cC15pYq2q', '2021-10-28 00:00:00');
INSERT IGNORE INTO album(id, name, artist_id, release_date) VALUES ('1PruwGvQDfgh6CTSFWPNtn', 'Billionaire (feat. Bruno Mars)', '7o9Nl7K1Al6NNAHX6jn6iG', '2010-03-09 00:00:00');
INSERT IGNORE INTO album(id, name, artist_id, release_date) VALUES ('6J84szYCnMfzEcvIcfWMFL', 'Doo-Wops & Hooligans', '0du5cEVh5yTK9QJze8zA0C', '2010-10-05 00:00:00');
INSERT IGNORE INTO album(id, name, artist_id, release_date) VALUES ('4vu7F6h90Br1ZtYYaqfITy', 'The Razors Edge', '711MCceyCBcFnzjGY4Q7Un', '1990-09-24 00:00:00');
INSERT IGNORE INTO album(id, name, artist_id, release_date) VALUES ('5LbHbwejgZXRZAgzVAjkhj', 'Facelift', '64tNsm6TnZe2zpcMVMOoHL', '1990-08-01 00:00:00');
INSERT IGNORE INTO album(id, name, artist_id, release_date) VALUES ('2UJcKiJxNryhL050F5Z1Fk', 'Nevermind (Remastered)', '6olE6TJLqED3rqDCT0FyPh', '1991-09-26 00:00:00');
INSERT IGNORE INTO album(id, name, artist_id, release_date) VALUES ('0gsiszk6JWYwAyGvaTTud4', 'Follow The Leader', '3RNrq3jvMZxD9ZyoOZbQOD', '1998-08-18 00:00:00');
INSERT IGNORE INTO album(id, name, artist_id, release_date) VALUES ('2B4lHoTCpWbxQPTZmCOjnH', 'Hellbilly Deluxe', '3HVdAiMNjYrQIKlOGxoGh5', '1998-01-01 00:00:00');
INSERT IGNORE INTO album(id, name, artist_id, release_date) VALUES ('3HCCUaRSjHSFOe4fqE0BiP', 'Significant Other', '165ZgPlLkK7bf5bDoFc6Sb', '1999-01-01 00:00:00');
INSERT IGNORE INTO album(id, name, artist_id, release_date) VALUES ('5mqfk3VEL40SCU7kpu0p6I', 'From Fear to Eternity: The Best of 1990 - 2010', '6mdiAmATAx73kdxrNrnlao', '2011-06-06 00:00:00');
INSERT IGNORE INTO album(id, name, artist_id, release_date) VALUES ('2Kh43m04B1UkVcpcRa1Zug', 'Metallica', '2ye2Wgw4gimLv2eAKyk1NB', '1991-08-12 00:00:00');
INSERT IGNORE INTO album(id, name, artist_id, release_date) VALUES ('7vEJAtP3KgKSpOHVgwm3Eh', '1 (Remastered)', '3WrFJ7ztbogyGnTHbHJFl2', '2000-11-13 00:00:00');
INSERT IGNORE INTO album(id, name, artist_id, release_date) VALUES ('6D9urpsOWWKtYvF6PaorGE', 'Elephant', '4F84IBURUo98rz4r61KF70', '2003-04-01 00:00:00');
INSERT IGNORE INTO album(id, name, artist_id, release_date) VALUES ('5lnQLEUiVDkLbFJHXHQu9m', 'Wasting Light', '7jy3rLJdDQY21OgRLCZ9sD', '2011-04-12 00:00:00');
INSERT IGNORE INTO album(id, name, artist_id, release_date) VALUES ('6deiaArbeoqp1xPEGdEKp1', 'By the Way (Deluxe Edition)', '0L8ExT028jH3ddEcZwqJJ5', '2002-07-09 00:00:00');
INSERT IGNORE INTO album(id, name, artist_id, release_date) VALUES ('3I9Z1nDCL4E0cP62flcbI5', 'Appetite For Destruction', '3qm84nBOXUEQ2vnTfUTTFC', '1987-07-21 00:00:00');
INSERT IGNORE INTO album(id, name, artist_id, release_date) VALUES ('7xl50xr9NDkd3i2kBbzsNZ', 'Stadium Arcadium', '0L8ExT028jH3ddEcZwqJJ5', '2006-05-09 00:00:00');
INSERT IGNORE INTO album(id, name, artist_id, release_date) VALUES ('1zQ6F8gMagKcPL4SoA80cx', 'One By One (Expanded Edition)', '7jy3rLJdDQY21OgRLCZ9sD', '2002-10-22 00:00:00');
INSERT IGNORE INTO album(id, name, artist_id, release_date) VALUES ('4sLCQxMRfn3gAHrBNZtbTH', 'Speaking in Tongues (Deluxe Version)', '2x9SpqnPi8rlE9pjHBwmSC', '1983-05-31 00:00:00');
INSERT IGNORE INTO album(id, name, artist_id, release_date) VALUES ('5vkqYmiPBYLaalcmjujWxK', 'In Rainbows', '4Z8W4fKeB5YxbusRsdQVPb', '2007-12-28 00:00:00');
INSERT IGNORE INTO album(id, name, artist_id, release_date) VALUES ('13btXEnBerpA1UjIVtsMAR', 'Maybe You\'ve Been Brainwashed Too', '0Grjlu7ncIuCaSYvCs9fcd', '1998-01-01 00:00:00');
INSERT IGNORE INTO album(id, name, artist_id, release_date) VALUES ('7y7459SFZReE5Wec4hejv5', 'Songs From The Big Chair', '4bthk9UfsYUYdcFyqxmSUU', '1985-02-25 00:00:00');
INSERT IGNORE INTO album(id, name, artist_id, release_date) VALUES ('2lKbr47iZyXo44V4CEEUaK', 'Built on Glass', '6UcJxoeHWWWyT5HZP064om', '2014-04-14 00:00:00');
INSERT IGNORE INTO album(id, name, artist_id, release_date) VALUES ('6Liso0laYSkoJM9DfN37UV', 'Wave of Mutilation: Best of Pixies', '6zvul52xwTWzilBZl6BUbT', '2004-05-03 00:00:00');
INSERT IGNORE INTO album(id, name, artist_id, release_date) VALUES ('7IDywTRaCI8qzS3X8tNU3x', 'Smash', '5LfGQac0EIXyAN8aUwmNAQ', '1994-04-08 00:00:00');
INSERT IGNORE INTO album(id, name, artist_id, release_date) VALUES ('6x4UQQ7TVOja89iXV047Zo', 'All For Us (from the HBO Original Series Euphoria)', '2feDdbD5araYcm6JhFHHw7', '2019-08-04 00:00:00');
INSERT IGNORE INTO album(id, name, artist_id, release_date) VALUES ('0FSsRH1jeZqKbGcHwq3UO0', 'Imagination & the Misfit Kid', '2feDdbD5araYcm6JhFHHw7', '2019-11-22 00:00:00');
INSERT IGNORE INTO album(id, name, artist_id, release_date) VALUES ('7x5oZf6cKUstjslCxLsKkT', 'Meet Me At Our Spot (Live)', '64H8UqGLbJFHwKtGxiV8OP', '2021-10-22 00:00:00');
INSERT IGNORE INTO album(id, name, artist_id, release_date) VALUES ('5nJ9B1KiydXoYWAcyqlG76', 'Melophobia', '26T3LtbuGT1Fu9m0eRq5X3', '2013-10-08 00:00:00');
INSERT IGNORE INTO album(id, name, artist_id, release_date) VALUES ('0nW0w37lrQ87k7PLZvC4qJ', 'Tell Me I\'m Pretty', '26T3LtbuGT1Fu9m0eRq5X3', '2015-12-18 00:00:00');
INSERT IGNORE INTO album(id, name, artist_id, release_date) VALUES ('6dVIqQ8qmQ5GBnJ9shOYGE', 'OK Computer', '4Z8W4fKeB5YxbusRsdQVPb', '1997-05-28 00:00:00');
INSERT IGNORE INTO album(id, name, artist_id, release_date) VALUES ('1To7kv722A8SpZF789MZy7', 'MTV Unplugged In New York', '6olE6TJLqED3rqDCT0FyPh', '1994-11-01 00:00:00');
INSERT IGNORE INTO album(id, name, artist_id, release_date) VALUES ('10jsW2NYd9blCrDITMh2zS', 'American Pie', '1gRNBaI4yn6wCCTvRhGWh8', '1971-01-01 00:00:00');
INSERT IGNORE INTO album(id, name, artist_id, release_date) VALUES ('5dN7F9DV0Qg1XRdIgW8rke', 'American Idiot', '7oPftvlwr6VrsViSDV7fJY', '2004-09-21 00:00:00');
INSERT IGNORE INTO album(id, name, artist_id, release_date) VALUES ('5Ap3F8CxjjsQKZGASDcHNA', 'Jagged Little Pill (2015 Remaster)', '6ogn9necmbUdCppmNnGOdi', '1995-01-01 00:00:00');
INSERT IGNORE INTO album(id, name, artist_id, release_date) VALUES ('38alWeQVP9UUAGJvLptys9', 'Left Of The Middle', '0dlOr0VIysztGWvU1dpjmP', '1997-11-10 00:00:00');
INSERT IGNORE INTO track(id,name,duration,album_id,user_id) VALUES ('3z8h0TU7ReDPLIbEnYhWZb','Bohemian Rhapsody',354.947,'6i6folBtxKV28WX3msQ4FE','amarelow');
INSERT IGNORE INTO track(id,name,duration,album_id,user_id) VALUES ('14XWXWv5FoCbFzLksawpEe','Riders on the Storm',434.72,'7IKUTIc9UWuVngyGPtqNHS','amarelow');
INSERT IGNORE INTO track(id,name,duration,album_id,user_id) VALUES ('4VqPOruhp5EdPBeR92t6lQ','Uprising',304.84,'0eFHYz8NmK75zSplL5qlfM','amarelow');
INSERT IGNORE INTO track(id,name,duration,album_id,user_id) VALUES ('2nLtzopw4rPReszdYBJU6h','Numb',185.586,'4Gfnly5CzMJQqkUFfoHaP3','amarelow');
INSERT IGNORE INTO track(id,name,duration,album_id,user_id) VALUES ('2Z8WuEywRWYTKe1NybPQEW','Ride',214.506,'3cQO7jp5S9qLBoIVtbkSM1','amarelow');
INSERT IGNORE INTO track(id,name,duration,album_id,user_id) VALUES ('7MnT7msJZg3XBAS0OTfGrB','Tempo Perdido',302.2,'4OCJTpOLqSgysGY4yBCGhn','amarelow');
INSERT IGNORE INTO track(id,name,duration,album_id,user_id) VALUES ('1MoEyYsa9Y0FvApwLskO1l','Ghost Division',231.186,'0ByHC8GAef76h66JrvigzE','amarelow');
INSERT IGNORE INTO track(id,name,duration,album_id,user_id) VALUES ('61mWefnWQOLf90gepjOCb3','Duality',252.613,'4ZDBQSIDIZRUBOG2OHcN3T','amarelow');
INSERT IGNORE INTO track(id,name,duration,album_id,user_id) VALUES ('1Og8U5KRel9D51h4bmznlE','With Or Without You',295.2,'0WSpHK6tinGHU4gvP8fHih','amarelow');
INSERT IGNORE INTO track(id,name,duration,album_id,user_id) VALUES ('3qiyyUfYe7CRYLucrPmulD','Baba O\'Riley',300.4,'5MqyhhHbT13zsloD3uHhlQ','amarelow');
INSERT IGNORE INTO track(id,name,duration,album_id,user_id) VALUES ('7GQFqo7uDoOkTXrVBpARME','The Ceiling',174.24,'0f6br7CLoGXr5WhM4ZS23K','amarelow');
INSERT IGNORE INTO track(id,name,duration,album_id,user_id) VALUES ('5yZtHXjySe6jDjOM6Yi3Mw','Dinner & Diatribes',224.146,'5j1ZsFyNCsnt62prbs85eE','amarelow');
INSERT IGNORE INTO track(id,name,duration,album_id,user_id) VALUES ('1fa1CGNcZTB1HYh4ut8nb3','Até O Fim - Ao Vivo',218.933,'26A68nUfZ08rQSrwjSdcR5','amarelow');
INSERT IGNORE INTO track(id,name,duration,album_id,user_id) VALUES ('1ju7EsSGvRybSNEsRvc7qY','Simple Man',356.626,'6DExt1eX4lflLacVjHHbOs','amarelow');
INSERT IGNORE INTO track(id,name,duration,album_id,user_id) VALUES ('64BbK9SFKH2jk86U3dGj2P','Otherside',255.373,'2Y9IRtehByVkegoD7TcLfi','amarelow');
INSERT IGNORE INTO track(id,name,duration,album_id,user_id) VALUES ('0gzqZ9d1jIKo9psEIthwXe','Beautiful Day',248.4,'7a5U0GPoAvT3gvEY66FRuN','amarelow');
INSERT IGNORE INTO track(id,name,duration,album_id,user_id) VALUES ('0dyr2vWp1BXPAGRepsCnJQ','Hit do Ano - O Peso da Luta',744.727,'5Pbtsfyg1Qr5ZhZFP7YBpW','amarelow');
INSERT IGNORE INTO track(id,name,duration,album_id,user_id) VALUES ('4cG7HUWYHBV6R6tHn1gxrl','Friday (feat. Mufasa & Hypeman) - Dopamine Re-Edit',169.153,'39qsmsNRXjVaFqTZj9af0j','amarelow');
INSERT IGNORE INTO track(id,name,duration,album_id,user_id) VALUES ('52fnLN02thRhTnbzVZzdqq','Chelsea Dagger',203.76,'7mZh4xOrvqLmW30UIZm3X6','22kg2xrbtfy6wgmq44h7w67yi');
INSERT IGNORE INTO track(id,name,duration,album_id,user_id) VALUES ('1It1TxBK3xIQAB4xJkPevn','Blue Lights',250.454,'3AlSuZnX4ZCab8eoWnnfbm','amarelow');
INSERT IGNORE INTO track(id,name,duration,album_id,user_id) VALUES ('6pnwfWyaWjQiHCKTiZLItr','Shine On You Crazy Diamond (Pts. 1-5)',811.077,'0bCAjiUamIFqKJsekOYuRw','lucasdolohov190');
INSERT IGNORE INTO track(id,name,duration,album_id,user_id) VALUES ('456WNXWhDwYOSf5SpTuqxd','Dog Days Are Over',252.818,'1rLLyY5p6HXNl2lKzINWp5','22ffntavbchj56rxyxk2nwk5i');
INSERT IGNORE INTO track(id,name,duration,album_id,user_id) VALUES ('2kJRlOyrxsy7Ot3c5TZ8Q6','Meu Pedaço de Pecado',157.175,'5y08Ec8KBmVFcvS5NcNuaZ','22ffntavbchj56rxyxk2nwk5i');
INSERT IGNORE INTO track(id,name,duration,album_id,user_id) VALUES ('0FqVtQxRD3HsPltldG5v5M','Aquelas Coisas',147.072,'5y08Ec8KBmVFcvS5NcNuaZ','22ffntavbchj56rxyxk2nwk5i');
INSERT IGNORE INTO track(id,name,duration,album_id,user_id) VALUES ('3QKv1RIrWsLTA63oxscVrZ','Meu Bem',140.208,'0mhsDkI1SGicEIzOP6LxTb','22ffntavbchj56rxyxk2nwk5i');
INSERT IGNORE INTO track(id,name,duration,album_id,user_id) VALUES ('1QiZYlh3oZg3zgn8eS99aB','Mete Um Block Nele',177.192,'5y08Ec8KBmVFcvS5NcNuaZ','22ffntavbchj56rxyxk2nwk5i');
INSERT IGNORE INTO track(id,name,duration,album_id,user_id) VALUES ('5F2xRvRFkxDvqdFtUNAEyw','Se For Amor',239.928,'5y08Ec8KBmVFcvS5NcNuaZ','22ffntavbchj56rxyxk2nwk5i');
INSERT IGNORE INTO track(id,name,duration,album_id,user_id) VALUES ('6vRCKJDtnrJEcyyzIMa0w0','Never Go Back - Robin Schulz Remix',184.652,'4GxEU2Ff0UjkBPJRguxz5Q','22ffntavbchj56rxyxk2nwk5i');
INSERT IGNORE INTO track(id,name,duration,album_id,user_id) VALUES ('4PzsYXrHh4r2BxtpNjtvoF','Jumanji',173.153,'0jBr0NzQG8IEi1jKvoHKJt','22ffntavbchj56rxyxk2nwk5i');
INSERT IGNORE INTO track(id,name,duration,album_id,user_id) VALUES ('3AV1KI22k1jGMz792lDrj1','Basta Você Me Ligar - Ao Vivo',182.976,'2ox3dMDK8hSZ1kkIJRbslu','22ffntavbchj56rxyxk2nwk5i');
INSERT IGNORE INTO track(id,name,duration,album_id,user_id) VALUES ('21ksusSZw4iXEMl6FWj8dw','Ecstasy',176.065,'02A37qR4uGLlt1xmrKDMSz','22ffntavbchj56rxyxk2nwk5i');
INSERT IGNORE INTO track(id,name,duration,album_id,user_id) VALUES ('1r9xUipOqoNwggBpENDsvJ','Enemy (with JID) - from the series Arcane League of Legends',173.381,'1bTgKomQYSkKYPD9UI9W4b','22ffntavbchj56rxyxk2nwk5i');
INSERT IGNORE INTO track(id,name,duration,album_id,user_id) VALUES ('2M9ULmQwTaTGmAdXaXpfz5','Billionaire (feat. Bruno Mars)',211.16,'1PruwGvQDfgh6CTSFWPNtn','22ffntavbchj56rxyxk2nwk5i');
INSERT IGNORE INTO track(id,name,duration,album_id,user_id) VALUES ('386RUes7n1uM1yfzgeUuwp','The Lazy Song',189.109,'6J84szYCnMfzEcvIcfWMFL','22ffntavbchj56rxyxk2nwk5i');
INSERT IGNORE INTO track(id,name,duration,album_id,user_id) VALUES ('57bgtoPSgt236HzfBOd8kj','Thunderstruck',292.88,'4vu7F6h90Br1ZtYYaqfITy','22ffntavbchj56rxyxk2nwk5i');
INSERT IGNORE INTO track(id,name,duration,album_id,user_id) VALUES ('6gZVQvQZOFpzIy3HblJ20F','Man in the Box',285.2,'5LbHbwejgZXRZAgzVAjkhj','22ffntavbchj56rxyxk2nwk5i');
INSERT IGNORE INTO track(id,name,duration,album_id,user_id) VALUES ('4CeeEOM32jQcH3eN9Q2dGj','Smells Like Teen Spirit',301.92,'2UJcKiJxNryhL050F5Z1Fk','22ffntavbchj56rxyxk2nwk5i');
INSERT IGNORE INTO track(id,name,duration,album_id,user_id) VALUES ('6W21LNLz9Sw7sUSNWMSHRu','Freak On a Leash',255.733,'0gsiszk6JWYwAyGvaTTud4','22ffntavbchj56rxyxk2nwk5i');
INSERT IGNORE INTO track(id,name,duration,album_id,user_id) VALUES ('6Nm8h73ycDG2saCnZV8poF','Dragula',222.826,'2B4lHoTCpWbxQPTZmCOjnH','22ffntavbchj56rxyxk2nwk5i');
INSERT IGNORE INTO track(id,name,duration,album_id,user_id) VALUES ('5cZqsjVs6MevCnAkasbEOX','Break Stuff',166.706,'3HCCUaRSjHSFOe4fqE0BiP','22ffntavbchj56rxyxk2nwk5i');
INSERT IGNORE INTO track(id,name,duration,album_id,user_id) VALUES ('5PkfL56EWMQlFrIakXjrsV','Dance Of Death',517.173,'5mqfk3VEL40SCU7kpu0p6I','22ffntavbchj56rxyxk2nwk5i');
INSERT IGNORE INTO track(id,name,duration,album_id,user_id) VALUES ('0nLiqZ6A27jJri2VCalIUs','Nothing Else Matters',388.266,'2Kh43m04B1UkVcpcRa1Zug','22ffntavbchj56rxyxk2nwk5i');
INSERT IGNORE INTO track(id,name,duration,album_id,user_id) VALUES ('0aym2LBJBk9DAYuHHutrIl','Hey Jude - Remastered 2015',425.653,'7vEJAtP3KgKSpOHVgwm3Eh','31ewcmsnymbua4ggyhjk7hqengry');
INSERT IGNORE INTO track(id,name,duration,album_id,user_id) VALUES ('3dPQuX8Gs42Y7b454ybpMR','Seven Nation Army',232.106,'6D9urpsOWWKtYvF6PaorGE','31ewcmsnymbua4ggyhjk7hqengry');
INSERT IGNORE INTO track(id,name,duration,album_id,user_id) VALUES ('76Je5Wklky23mVoxiRszcN','Walk',255.96,'5lnQLEUiVDkLbFJHXHQu9m','31ewcmsnymbua4ggyhjk7hqengry');
INSERT IGNORE INTO track(id,name,duration,album_id,user_id) VALUES ('3ZOEytgrvLwQaqXreDs2Jx','Can\'t Stop',269,'6deiaArbeoqp1xPEGdEKp1','31ewcmsnymbua4ggyhjk7hqengry');
INSERT IGNORE INTO track(id,name,duration,album_id,user_id) VALUES ('48UPSzbZjgc449aqz8bxox','Californication',329.733,'2Y9IRtehByVkegoD7TcLfi','31ewcmsnymbua4ggyhjk7hqengry');
INSERT IGNORE INTO track(id,name,duration,album_id,user_id) VALUES ('3YBZIN3rekqsKxbJc9FZko','Paradise City',405.64,'3I9Z1nDCL4E0cP62flcbI5','31ewcmsnymbua4ggyhjk7hqengry');
INSERT IGNORE INTO track(id,name,duration,album_id,user_id) VALUES ('10Nmj3JCNoMeBQ87uw5j8k','Dani California',282.16,'7xl50xr9NDkd3i2kBbzsNZ','31ewcmsnymbua4ggyhjk7hqengry');
INSERT IGNORE INTO track(id,name,duration,album_id,user_id) VALUES ('1f2V8U1BiWaC9aJWmpOARe','By the Way',216.933,'6deiaArbeoqp1xPEGdEKp1','31ewcmsnymbua4ggyhjk7hqengry');
INSERT IGNORE INTO track(id,name,duration,album_id,user_id) VALUES ('0bVtevEgtDIeRjCJbK3Lmv','Welcome To The Jungle',272.026,'3I9Z1nDCL4E0cP62flcbI5','31ewcmsnymbua4ggyhjk7hqengry');
INSERT IGNORE INTO track(id,name,duration,album_id,user_id) VALUES ('6tsojOQ5wHaIjKqIryLZK6','All My Life',263.44,'1zQ6F8gMagKcPL4SoA80cx','31ewcmsnymbua4ggyhjk7hqengry');
INSERT IGNORE INTO track(id,name,duration,album_id,user_id) VALUES ('6aBUnkXuCEQQHAlTokv9or','This Must Be the Place (Naive Melody) - 2005 Remaster',296.146,'4sLCQxMRfn3gAHrBNZtbTH',12180679559);
INSERT IGNORE INTO track(id,name,duration,album_id,user_id) VALUES ('4oXg7xT4ksBxHTx8PcmSXw','15 Step',237.293,'5vkqYmiPBYLaalcmjujWxK',12180679559);
INSERT IGNORE INTO track(id,name,duration,album_id,user_id) VALUES ('5rb29MoYiBwXzXCtJ94oa1','Mother We Just Can\'t Get Enough',346.066,'13btXEnBerpA1UjIVtsMAR',12180679559);
INSERT IGNORE INTO track(id,name,duration,album_id,user_id) VALUES ('2gQaQUhDCNGfBVXTvxAmXQ','Shout',393.666,'7y7459SFZReE5Wec4hejv5',12180679559);
INSERT IGNORE INTO track(id,name,duration,album_id,user_id) VALUES ('1Ll09EiN5ffeFl1xNZB2Uk','Gold',285.255,'2lKbr47iZyXo44V4CEEUaK',12180679559);
INSERT IGNORE INTO track(id,name,duration,album_id,user_id) VALUES ('10B5d5GF7cR063rEK0Ck1I','Gigantic',193.546,'6Liso0laYSkoJM9DfN37UV',12180679559);
INSERT IGNORE INTO track(id,name,duration,album_id,user_id) VALUES ('5JJDu0Z5DKe7mR31MGksSg','Come Out and Play',197.8,'7IDywTRaCI8qzS3X8tNU3x',12180679559);
INSERT IGNORE INTO track(id,name,duration,album_id,user_id) VALUES ('10hMM5nsZQf66ldBlgWBfG','All For Us - from the HBO Original Series Euphoria',192.986,'6x4UQQ7TVOja89iXV047Zo',12180679559);
INSERT IGNORE INTO track(id,name,duration,album_id,user_id) VALUES ('1ZdhOMWyFR8Iv9eylMGYg2','Mount Everest',157.497,'0FSsRH1jeZqKbGcHwq3UO0',12180679559);
INSERT IGNORE INTO track(id,name,duration,album_id,user_id) VALUES ('3BrWLBC4WYx393yRUOlTih','Meet Me At Our Spot - Live',147.828,'7x5oZf6cKUstjslCxLsKkT',12180679559);
INSERT IGNORE INTO track(id,name,duration,album_id,user_id) VALUES ('7oWbeO9v3Cfs900q7JhLAs','Come A Little Closer',229.346,'5nJ9B1KiydXoYWAcyqlG76',12180679559);
INSERT IGNORE INTO track(id,name,duration,album_id,user_id) VALUES ('5n0CTysih20NYdT2S0Wpe8','Trouble',225.973,'0nW0w37lrQ87k7PLZvC4qJ',12180679559);
INSERT IGNORE INTO track(id,name,duration,album_id,user_id) VALUES ('6LgJvl0Xdtc73RJ1mmpotq','Paranoid Android',387.213,'6dVIqQ8qmQ5GBnJ9shOYGE',12180679559);
INSERT IGNORE INTO track(id,name,duration,album_id,user_id) VALUES ('15VRO9CQwMpbqUYA7e6Hwg','The Man Who Sold The World',261.093,'1To7kv722A8SpZF789MZy7',12180679559);
INSERT IGNORE INTO track(id,name,duration,album_id,user_id) VALUES ('1fDsrQ23eTAVFElUMaf38X','American Pie',516.893,'10jsW2NYd9blCrDITMh2zS',12180679559);
INSERT IGNORE INTO track(id,name,duration,album_id,user_id) VALUES ('6nTiIhLmQ3FWhvrGafw2zj','American Idiot',176.346,'5dN7F9DV0Qg1XRdIgW8rke',12180679559);
INSERT IGNORE INTO track(id,name,duration,album_id,user_id) VALUES ('2lE7oRoKssULAtbWViL385','Hand in My Pocket - 2015 Remaster',222.013,'5Ap3F8CxjjsQKZGASDcHNA',12180679559);
INSERT IGNORE INTO track(id,name,duration,album_id,user_id) VALUES ('1d6KS9GH06JAd19uiBy9IE','Ironic - 2015 Remaster',230,'5Ap3F8CxjjsQKZGASDcHNA',12180679559);
INSERT IGNORE INTO track(id,name,duration,album_id,user_id) VALUES ('1Jaah2tmN9Hv81A87KZ1MU','Torn',244.666,'38alWeQVP9UUAGJvLptys9',12180679559);
INSERT IGNORE INTO genres(genre) VALUES ('classic rock');
INSERT IGNORE INTO genres(genre) VALUES ('glam rock');
INSERT IGNORE INTO genres(genre) VALUES ('rock');
INSERT IGNORE INTO genres(genre) VALUES ('acid rock');
INSERT IGNORE INTO genres(genre) VALUES ('psychedelic rock');
INSERT IGNORE INTO genres(genre) VALUES ('modern rock');
INSERT IGNORE INTO genres(genre) VALUES ('permanent wave');
INSERT IGNORE INTO genres(genre) VALUES ('alternative metal');
INSERT IGNORE INTO genres(genre) VALUES ('nu metal');
INSERT IGNORE INTO genres(genre) VALUES ('post-grunge');
INSERT IGNORE INTO genres(genre) VALUES ('rap metal');
INSERT IGNORE INTO genres(genre) VALUES ('brazilian rock');
INSERT IGNORE INTO genres(genre) VALUES ('mpb');
INSERT IGNORE INTO genres(genre) VALUES ('rock brasiliense');
INSERT IGNORE INTO genres(genre) VALUES ('rock nacional brasileiro');
INSERT IGNORE INTO genres(genre) VALUES ('metal');
INSERT IGNORE INTO genres(genre) VALUES ('power metal');
INSERT IGNORE INTO genres(genre) VALUES ('swedish metal');
INSERT IGNORE INTO genres(genre) VALUES ('swedish power metal');
INSERT IGNORE INTO genres(genre) VALUES ('irish rock');
INSERT IGNORE INTO genres(genre) VALUES ('album rock');
INSERT IGNORE INTO genres(genre) VALUES ('art rock');
INSERT IGNORE INTO genres(genre) VALUES ('blues rock');
INSERT IGNORE INTO genres(genre) VALUES ('british invasion');
INSERT IGNORE INTO genres(genre) VALUES ('hard rock');
INSERT IGNORE INTO genres(genre) VALUES ('mellow gold');
INSERT IGNORE INTO genres(genre) VALUES ('indie poptimism');
INSERT IGNORE INTO genres(genre) VALUES ('modern alternative rock');
INSERT IGNORE INTO genres(genre) VALUES ('nyc pop');
INSERT IGNORE INTO genres(genre) VALUES ('vapor soul');
INSERT IGNORE INTO genres(genre) VALUES ('irish singer-songwriter');
INSERT IGNORE INTO genres(genre) VALUES ('pop');
INSERT IGNORE INTO genres(genre) VALUES ('pop rock brasileiro');
INSERT IGNORE INTO genres(genre) VALUES ('rock gaucho');
INSERT IGNORE INTO genres(genre) VALUES ('country rock');
INSERT IGNORE INTO genres(genre) VALUES ('southern rock');
INSERT IGNORE INTO genres(genre) VALUES ('alternative rock');
INSERT IGNORE INTO genres(genre) VALUES ('funk metal');
INSERT IGNORE INTO genres(genre) VALUES ('funk rock');
INSERT IGNORE INTO genres(genre) VALUES ('funk carioca');
INSERT IGNORE INTO genres(genre) VALUES ('funk consciente');
INSERT IGNORE INTO genres(genre) VALUES ('funk ostentacao');
INSERT IGNORE INTO genres(genre) VALUES ('funk paulista');
INSERT IGNORE INTO genres(genre) VALUES ('dance pop');
INSERT IGNORE INTO genres(genre) VALUES ('edm');
INSERT IGNORE INTO genres(genre) VALUES ('house');
INSERT IGNORE INTO genres(genre) VALUES ('pop dance');
INSERT IGNORE INTO genres(genre) VALUES ('pop rap');
INSERT IGNORE INTO genres(genre) VALUES ('tropical house');
INSERT IGNORE INTO genres(genre) VALUES ('uk dance');
INSERT IGNORE INTO genres(genre) VALUES ('garage rock');
INSERT IGNORE INTO genres(genre) VALUES ('scottish rock');
INSERT IGNORE INTO genres(genre) VALUES ('r&b');
INSERT IGNORE INTO genres(genre) VALUES ('uk contemporary r&b');
INSERT IGNORE INTO genres(genre) VALUES ('progressive rock');
INSERT IGNORE INTO genres(genre) VALUES ('symphonic rock');
INSERT IGNORE INTO genres(genre) VALUES ('baroque pop');
INSERT IGNORE INTO genres(genre) VALUES ('uk alternative pop');
INSERT IGNORE INTO genres(genre) VALUES ('arrocha');
INSERT IGNORE INTO genres(genre) VALUES ('israeli pop');
INSERT IGNORE INTO genres(genre) VALUES ('afroswing');
INSERT IGNORE INTO genres(genre) VALUES ('london rap');
INSERT IGNORE INTO genres(genre) VALUES ('uk hip hop');
INSERT IGNORE INTO genres(genre) VALUES ('forro');
INSERT IGNORE INTO genres(genre) VALUES ('piseiro');
INSERT IGNORE INTO genres(genre) VALUES ('australian rock');
INSERT IGNORE INTO genres(genre) VALUES ('grunge');
INSERT IGNORE INTO genres(genre) VALUES ('industrial metal');
INSERT IGNORE INTO genres(genre) VALUES ('industrial rock');
INSERT IGNORE INTO genres(genre) VALUES ('rap rock');
INSERT IGNORE INTO genres(genre) VALUES ('nwobhm');
INSERT IGNORE INTO genres(genre) VALUES ('old school thrash');
INSERT IGNORE INTO genres(genre) VALUES ('thrash metal');
INSERT IGNORE INTO genres(genre) VALUES ('beatlesque');
INSERT IGNORE INTO genres(genre) VALUES ('merseybeat');
INSERT IGNORE INTO genres(genre) VALUES ('detroit rock');
INSERT IGNORE INTO genres(genre) VALUES ('modern blues rock');
INSERT IGNORE INTO genres(genre) VALUES ('punk blues');
INSERT IGNORE INTO genres(genre) VALUES ('glam metal');
INSERT IGNORE INTO genres(genre) VALUES ('art punk');
INSERT IGNORE INTO genres(genre) VALUES ('dance rock');
INSERT IGNORE INTO genres(genre) VALUES ('new wave');
INSERT IGNORE INTO genres(genre) VALUES ('post-punk');
INSERT IGNORE INTO genres(genre) VALUES ('zolo');
INSERT IGNORE INTO genres(genre) VALUES ('melancholia');
INSERT IGNORE INTO genres(genre) VALUES ('oxford indie');
INSERT IGNORE INTO genres(genre) VALUES ('pop rock');
INSERT IGNORE INTO genres(genre) VALUES ('new romantic');
INSERT IGNORE INTO genres(genre) VALUES ('new wave pop');
INSERT IGNORE INTO genres(genre) VALUES ('soft rock');
INSERT IGNORE INTO genres(genre) VALUES ('sophisti-pop');
INSERT IGNORE INTO genres(genre) VALUES ('synthpop');
INSERT IGNORE INTO genres(genre) VALUES ('art pop');
INSERT IGNORE INTO genres(genre) VALUES ('indietronica');
INSERT IGNORE INTO genres(genre) VALUES ('boston rock');
INSERT IGNORE INTO genres(genre) VALUES ('punk');
INSERT IGNORE INTO genres(genre) VALUES ('skate punk');
INSERT IGNORE INTO genres(genre) VALUES ('socal pop punk');
INSERT IGNORE INTO genres(genre) VALUES ('modern alternative pop');
INSERT IGNORE INTO genres(genre) VALUES ('adult standards');
INSERT IGNORE INTO genres(genre) VALUES ('folk');
INSERT IGNORE INTO genres(genre) VALUES ('folk rock');
INSERT IGNORE INTO genres(genre) VALUES ('singer-songwriter');
INSERT IGNORE INTO genres(genre) VALUES ('canadian pop');
INSERT IGNORE INTO genres(genre) VALUES ('canadian singer-songwriter');
INSERT IGNORE INTO genres(genre) VALUES ('lilith');
INSERT IGNORE INTO genres(genre) VALUES ('europop');
INSERT IGNORE INTO albumGenre(genre_id, album_id) VALUES (1, '6i6folBtxKV28WX3msQ4FE');
INSERT IGNORE INTO albumGenre(genre_id, album_id) VALUES (2, '6i6folBtxKV28WX3msQ4FE');
INSERT IGNORE INTO albumGenre(genre_id, album_id) VALUES (3, '6i6folBtxKV28WX3msQ4FE');
INSERT IGNORE INTO albumGenre(genre_id, album_id) VALUES (4, '7IKUTIc9UWuVngyGPtqNHS');
INSERT IGNORE INTO albumGenre(genre_id, album_id) VALUES (1, '7IKUTIc9UWuVngyGPtqNHS');
INSERT IGNORE INTO albumGenre(genre_id, album_id) VALUES (5, '7IKUTIc9UWuVngyGPtqNHS');
INSERT IGNORE INTO albumGenre(genre_id, album_id) VALUES (3, '7IKUTIc9UWuVngyGPtqNHS');
INSERT IGNORE INTO albumGenre(genre_id, album_id) VALUES (6, '0eFHYz8NmK75zSplL5qlfM');
INSERT IGNORE INTO albumGenre(genre_id, album_id) VALUES (7, '0eFHYz8NmK75zSplL5qlfM');
INSERT IGNORE INTO albumGenre(genre_id, album_id) VALUES (3, '0eFHYz8NmK75zSplL5qlfM');
INSERT IGNORE INTO albumGenre(genre_id, album_id) VALUES (8, '4Gfnly5CzMJQqkUFfoHaP3');
INSERT IGNORE INTO albumGenre(genre_id, album_id) VALUES (9, '4Gfnly5CzMJQqkUFfoHaP3');
INSERT IGNORE INTO albumGenre(genre_id, album_id) VALUES (10, '4Gfnly5CzMJQqkUFfoHaP3');
INSERT IGNORE INTO albumGenre(genre_id, album_id) VALUES (11, '4Gfnly5CzMJQqkUFfoHaP3');
INSERT IGNORE INTO albumGenre(genre_id, album_id) VALUES (6, '3cQO7jp5S9qLBoIVtbkSM1');
INSERT IGNORE INTO albumGenre(genre_id, album_id) VALUES (3, '3cQO7jp5S9qLBoIVtbkSM1');
INSERT IGNORE INTO albumGenre(genre_id, album_id) VALUES (12, '4OCJTpOLqSgysGY4yBCGhn');
INSERT IGNORE INTO albumGenre(genre_id, album_id) VALUES (13, '4OCJTpOLqSgysGY4yBCGhn');
INSERT IGNORE INTO albumGenre(genre_id, album_id) VALUES (14, '4OCJTpOLqSgysGY4yBCGhn');
INSERT IGNORE INTO albumGenre(genre_id, album_id) VALUES (15, '4OCJTpOLqSgysGY4yBCGhn');
INSERT IGNORE INTO albumGenre(genre_id, album_id) VALUES (16, '0ByHC8GAef76h66JrvigzE');
INSERT IGNORE INTO albumGenre(genre_id, album_id) VALUES (17, '0ByHC8GAef76h66JrvigzE');
INSERT IGNORE INTO albumGenre(genre_id, album_id) VALUES (18, '0ByHC8GAef76h66JrvigzE');
INSERT IGNORE INTO albumGenre(genre_id, album_id) VALUES (19, '0ByHC8GAef76h66JrvigzE');
INSERT IGNORE INTO albumGenre(genre_id, album_id) VALUES (8, '4ZDBQSIDIZRUBOG2OHcN3T');
INSERT IGNORE INTO albumGenre(genre_id, album_id) VALUES (9, '4ZDBQSIDIZRUBOG2OHcN3T');
INSERT IGNORE INTO albumGenre(genre_id, album_id) VALUES (11, '4ZDBQSIDIZRUBOG2OHcN3T');
INSERT IGNORE INTO albumGenre(genre_id, album_id) VALUES (20, '0WSpHK6tinGHU4gvP8fHih');
INSERT IGNORE INTO albumGenre(genre_id, album_id) VALUES (7, '0WSpHK6tinGHU4gvP8fHih');
INSERT IGNORE INTO albumGenre(genre_id, album_id) VALUES (3, '0WSpHK6tinGHU4gvP8fHih');
INSERT IGNORE INTO albumGenre(genre_id, album_id) VALUES (21, '5MqyhhHbT13zsloD3uHhlQ');
INSERT IGNORE INTO albumGenre(genre_id, album_id) VALUES (22, '5MqyhhHbT13zsloD3uHhlQ');
INSERT IGNORE INTO albumGenre(genre_id, album_id) VALUES (23, '5MqyhhHbT13zsloD3uHhlQ');
INSERT IGNORE INTO albumGenre(genre_id, album_id) VALUES (24, '5MqyhhHbT13zsloD3uHhlQ');
INSERT IGNORE INTO albumGenre(genre_id, album_id) VALUES (1, '5MqyhhHbT13zsloD3uHhlQ');
INSERT IGNORE INTO albumGenre(genre_id, album_id) VALUES (25, '5MqyhhHbT13zsloD3uHhlQ');
INSERT IGNORE INTO albumGenre(genre_id, album_id) VALUES (26, '5MqyhhHbT13zsloD3uHhlQ');
INSERT IGNORE INTO albumGenre(genre_id, album_id) VALUES (5, '5MqyhhHbT13zsloD3uHhlQ');
INSERT IGNORE INTO albumGenre(genre_id, album_id) VALUES (3, '5MqyhhHbT13zsloD3uHhlQ');
INSERT IGNORE INTO albumGenre(genre_id, album_id) VALUES (27, '0f6br7CLoGXr5WhM4ZS23K');
INSERT IGNORE INTO albumGenre(genre_id, album_id) VALUES (28, '0f6br7CLoGXr5WhM4ZS23K');
INSERT IGNORE INTO albumGenre(genre_id, album_id) VALUES (6, '0f6br7CLoGXr5WhM4ZS23K');
INSERT IGNORE INTO albumGenre(genre_id, album_id) VALUES (29, '0f6br7CLoGXr5WhM4ZS23K');
INSERT IGNORE INTO albumGenre(genre_id, album_id) VALUES (30, '0f6br7CLoGXr5WhM4ZS23K');
INSERT IGNORE INTO albumGenre(genre_id, album_id) VALUES (31, '5j1ZsFyNCsnt62prbs85eE');
INSERT IGNORE INTO albumGenre(genre_id, album_id) VALUES (32, '5j1ZsFyNCsnt62prbs85eE');
INSERT IGNORE INTO albumGenre(genre_id, album_id) VALUES (12, '26A68nUfZ08rQSrwjSdcR5');
INSERT IGNORE INTO albumGenre(genre_id, album_id) VALUES (13, '26A68nUfZ08rQSrwjSdcR5');
INSERT IGNORE INTO albumGenre(genre_id, album_id) VALUES (33, '26A68nUfZ08rQSrwjSdcR5');
INSERT IGNORE INTO albumGenre(genre_id, album_id) VALUES (34, '26A68nUfZ08rQSrwjSdcR5');
INSERT IGNORE INTO albumGenre(genre_id, album_id) VALUES (15, '26A68nUfZ08rQSrwjSdcR5');
INSERT IGNORE INTO albumGenre(genre_id, album_id) VALUES (21, '6DExt1eX4lflLacVjHHbOs');
INSERT IGNORE INTO albumGenre(genre_id, album_id) VALUES (23, '6DExt1eX4lflLacVjHHbOs');
INSERT IGNORE INTO albumGenre(genre_id, album_id) VALUES (1, '6DExt1eX4lflLacVjHHbOs');
INSERT IGNORE INTO albumGenre(genre_id, album_id) VALUES (35, '6DExt1eX4lflLacVjHHbOs');
INSERT IGNORE INTO albumGenre(genre_id, album_id) VALUES (25, '6DExt1eX4lflLacVjHHbOs');
INSERT IGNORE INTO albumGenre(genre_id, album_id) VALUES (26, '6DExt1eX4lflLacVjHHbOs');
INSERT IGNORE INTO albumGenre(genre_id, album_id) VALUES (3, '6DExt1eX4lflLacVjHHbOs');
INSERT IGNORE INTO albumGenre(genre_id, album_id) VALUES (36, '6DExt1eX4lflLacVjHHbOs');
INSERT IGNORE INTO albumGenre(genre_id, album_id) VALUES (37, '2Y9IRtehByVkegoD7TcLfi');
INSERT IGNORE INTO albumGenre(genre_id, album_id) VALUES (38, '2Y9IRtehByVkegoD7TcLfi');
INSERT IGNORE INTO albumGenre(genre_id, album_id) VALUES (39, '2Y9IRtehByVkegoD7TcLfi');
INSERT IGNORE INTO albumGenre(genre_id, album_id) VALUES (7, '2Y9IRtehByVkegoD7TcLfi');
INSERT IGNORE INTO albumGenre(genre_id, album_id) VALUES (3, '2Y9IRtehByVkegoD7TcLfi');
INSERT IGNORE INTO albumGenre(genre_id, album_id) VALUES (20, '7a5U0GPoAvT3gvEY66FRuN');
INSERT IGNORE INTO albumGenre(genre_id, album_id) VALUES (7, '7a5U0GPoAvT3gvEY66FRuN');
INSERT IGNORE INTO albumGenre(genre_id, album_id) VALUES (3, '7a5U0GPoAvT3gvEY66FRuN');
INSERT IGNORE INTO albumGenre(genre_id, album_id) VALUES (40, '5Pbtsfyg1Qr5ZhZFP7YBpW');
INSERT IGNORE INTO albumGenre(genre_id, album_id) VALUES (41, '5Pbtsfyg1Qr5ZhZFP7YBpW');
INSERT IGNORE INTO albumGenre(genre_id, album_id) VALUES (42, '5Pbtsfyg1Qr5ZhZFP7YBpW');
INSERT IGNORE INTO albumGenre(genre_id, album_id) VALUES (43, '5Pbtsfyg1Qr5ZhZFP7YBpW');
INSERT IGNORE INTO albumGenre(genre_id, album_id) VALUES (44, '39qsmsNRXjVaFqTZj9af0j');
INSERT IGNORE INTO albumGenre(genre_id, album_id) VALUES (45, '39qsmsNRXjVaFqTZj9af0j');
INSERT IGNORE INTO albumGenre(genre_id, album_id) VALUES (46, '39qsmsNRXjVaFqTZj9af0j');
INSERT IGNORE INTO albumGenre(genre_id, album_id) VALUES (47, '39qsmsNRXjVaFqTZj9af0j');
INSERT IGNORE INTO albumGenre(genre_id, album_id) VALUES (48, '39qsmsNRXjVaFqTZj9af0j');
INSERT IGNORE INTO albumGenre(genre_id, album_id) VALUES (49, '39qsmsNRXjVaFqTZj9af0j');
INSERT IGNORE INTO albumGenre(genre_id, album_id) VALUES (50, '39qsmsNRXjVaFqTZj9af0j');
INSERT IGNORE INTO albumGenre(genre_id, album_id) VALUES (37, '7mZh4xOrvqLmW30UIZm3X6');
INSERT IGNORE INTO albumGenre(genre_id, album_id) VALUES (51, '7mZh4xOrvqLmW30UIZm3X6');
INSERT IGNORE INTO albumGenre(genre_id, album_id) VALUES (6, '7mZh4xOrvqLmW30UIZm3X6');
INSERT IGNORE INTO albumGenre(genre_id, album_id) VALUES (3, '7mZh4xOrvqLmW30UIZm3X6');
INSERT IGNORE INTO albumGenre(genre_id, album_id) VALUES (52, '7mZh4xOrvqLmW30UIZm3X6');
INSERT IGNORE INTO albumGenre(genre_id, album_id) VALUES (44, '3AlSuZnX4ZCab8eoWnnfbm');
INSERT IGNORE INTO albumGenre(genre_id, album_id) VALUES (32, '3AlSuZnX4ZCab8eoWnnfbm');
INSERT IGNORE INTO albumGenre(genre_id, album_id) VALUES (53, '3AlSuZnX4ZCab8eoWnnfbm');
INSERT IGNORE INTO albumGenre(genre_id, album_id) VALUES (54, '3AlSuZnX4ZCab8eoWnnfbm');
INSERT IGNORE INTO albumGenre(genre_id, album_id) VALUES (21, '0bCAjiUamIFqKJsekOYuRw');
INSERT IGNORE INTO albumGenre(genre_id, album_id) VALUES (22, '0bCAjiUamIFqKJsekOYuRw');
INSERT IGNORE INTO albumGenre(genre_id, album_id) VALUES (1, '0bCAjiUamIFqKJsekOYuRw');
INSERT IGNORE INTO albumGenre(genre_id, album_id) VALUES (55, '0bCAjiUamIFqKJsekOYuRw');
INSERT IGNORE INTO albumGenre(genre_id, album_id) VALUES (5, '0bCAjiUamIFqKJsekOYuRw');
INSERT IGNORE INTO albumGenre(genre_id, album_id) VALUES (3, '0bCAjiUamIFqKJsekOYuRw');
INSERT IGNORE INTO albumGenre(genre_id, album_id) VALUES (56, '0bCAjiUamIFqKJsekOYuRw');
INSERT IGNORE INTO albumGenre(genre_id, album_id) VALUES (57, '1rLLyY5p6HXNl2lKzINWp5');
INSERT IGNORE INTO albumGenre(genre_id, album_id) VALUES (32, '1rLLyY5p6HXNl2lKzINWp5');
INSERT IGNORE INTO albumGenre(genre_id, album_id) VALUES (58, '1rLLyY5p6HXNl2lKzINWp5');
INSERT IGNORE INTO albumGenre(genre_id, album_id) VALUES (59, '5y08Ec8KBmVFcvS5NcNuaZ');
INSERT IGNORE INTO albumGenre(genre_id, album_id) VALUES (59, '0mhsDkI1SGicEIzOP6LxTb');
INSERT IGNORE INTO albumGenre(genre_id, album_id) VALUES (60, '4GxEU2Ff0UjkBPJRguxz5Q');
INSERT IGNORE INTO albumGenre(genre_id, album_id) VALUES (61, '0jBr0NzQG8IEi1jKvoHKJt');
INSERT IGNORE INTO albumGenre(genre_id, album_id) VALUES (62, '0jBr0NzQG8IEi1jKvoHKJt');
INSERT IGNORE INTO albumGenre(genre_id, album_id) VALUES (63, '0jBr0NzQG8IEi1jKvoHKJt');
INSERT IGNORE INTO albumGenre(genre_id, album_id) VALUES (59, '2ox3dMDK8hSZ1kkIJRbslu');
INSERT IGNORE INTO albumGenre(genre_id, album_id) VALUES (64, '2ox3dMDK8hSZ1kkIJRbslu');
INSERT IGNORE INTO albumGenre(genre_id, album_id) VALUES (65, '2ox3dMDK8hSZ1kkIJRbslu');
INSERT IGNORE INTO albumGenre(genre_id, album_id) VALUES (61, '02A37qR4uGLlt1xmrKDMSz');
INSERT IGNORE INTO albumGenre(genre_id, album_id) VALUES (6, '1bTgKomQYSkKYPD9UI9W4b');
INSERT IGNORE INTO albumGenre(genre_id, album_id) VALUES (3, '1bTgKomQYSkKYPD9UI9W4b');
INSERT IGNORE INTO albumGenre(genre_id, album_id) VALUES (44, '1PruwGvQDfgh6CTSFWPNtn');
INSERT IGNORE INTO albumGenre(genre_id, album_id) VALUES (48, '1PruwGvQDfgh6CTSFWPNtn');
INSERT IGNORE INTO albumGenre(genre_id, album_id) VALUES (44, '6J84szYCnMfzEcvIcfWMFL');
INSERT IGNORE INTO albumGenre(genre_id, album_id) VALUES (32, '6J84szYCnMfzEcvIcfWMFL');
INSERT IGNORE INTO albumGenre(genre_id, album_id) VALUES (66, '4vu7F6h90Br1ZtYYaqfITy');
INSERT IGNORE INTO albumGenre(genre_id, album_id) VALUES (25, '4vu7F6h90Br1ZtYYaqfITy');
INSERT IGNORE INTO albumGenre(genre_id, album_id) VALUES (3, '4vu7F6h90Br1ZtYYaqfITy');
INSERT IGNORE INTO albumGenre(genre_id, album_id) VALUES (8, '5LbHbwejgZXRZAgzVAjkhj');
INSERT IGNORE INTO albumGenre(genre_id, album_id) VALUES (37, '5LbHbwejgZXRZAgzVAjkhj');
INSERT IGNORE INTO albumGenre(genre_id, album_id) VALUES (67, '5LbHbwejgZXRZAgzVAjkhj');
INSERT IGNORE INTO albumGenre(genre_id, album_id) VALUES (25, '5LbHbwejgZXRZAgzVAjkhj');
INSERT IGNORE INTO albumGenre(genre_id, album_id) VALUES (9, '5LbHbwejgZXRZAgzVAjkhj');
INSERT IGNORE INTO albumGenre(genre_id, album_id) VALUES (3, '5LbHbwejgZXRZAgzVAjkhj');
INSERT IGNORE INTO albumGenre(genre_id, album_id) VALUES (37, '2UJcKiJxNryhL050F5Z1Fk');
INSERT IGNORE INTO albumGenre(genre_id, album_id) VALUES (67, '2UJcKiJxNryhL050F5Z1Fk');
INSERT IGNORE INTO albumGenre(genre_id, album_id) VALUES (7, '2UJcKiJxNryhL050F5Z1Fk');
INSERT IGNORE INTO albumGenre(genre_id, album_id) VALUES (3, '2UJcKiJxNryhL050F5Z1Fk');
INSERT IGNORE INTO albumGenre(genre_id, album_id) VALUES (8, '0gsiszk6JWYwAyGvaTTud4');
INSERT IGNORE INTO albumGenre(genre_id, album_id) VALUES (38, '0gsiszk6JWYwAyGvaTTud4');
INSERT IGNORE INTO albumGenre(genre_id, album_id) VALUES (9, '0gsiszk6JWYwAyGvaTTud4');
INSERT IGNORE INTO albumGenre(genre_id, album_id) VALUES (11, '0gsiszk6JWYwAyGvaTTud4');
INSERT IGNORE INTO albumGenre(genre_id, album_id) VALUES (3, '0gsiszk6JWYwAyGvaTTud4');
INSERT IGNORE INTO albumGenre(genre_id, album_id) VALUES (8, '2B4lHoTCpWbxQPTZmCOjnH');
INSERT IGNORE INTO albumGenre(genre_id, album_id) VALUES (68, '2B4lHoTCpWbxQPTZmCOjnH');
INSERT IGNORE INTO albumGenre(genre_id, album_id) VALUES (69, '2B4lHoTCpWbxQPTZmCOjnH');
INSERT IGNORE INTO albumGenre(genre_id, album_id) VALUES (9, '2B4lHoTCpWbxQPTZmCOjnH');
INSERT IGNORE INTO albumGenre(genre_id, album_id) VALUES (70, '2B4lHoTCpWbxQPTZmCOjnH');
INSERT IGNORE INTO albumGenre(genre_id, album_id) VALUES (3, '2B4lHoTCpWbxQPTZmCOjnH');
INSERT IGNORE INTO albumGenre(genre_id, album_id) VALUES (8, '3HCCUaRSjHSFOe4fqE0BiP');
INSERT IGNORE INTO albumGenre(genre_id, album_id) VALUES (38, '3HCCUaRSjHSFOe4fqE0BiP');
INSERT IGNORE INTO albumGenre(genre_id, album_id) VALUES (9, '3HCCUaRSjHSFOe4fqE0BiP');
INSERT IGNORE INTO albumGenre(genre_id, album_id) VALUES (11, '3HCCUaRSjHSFOe4fqE0BiP');
INSERT IGNORE INTO albumGenre(genre_id, album_id) VALUES (25, '5mqfk3VEL40SCU7kpu0p6I');
INSERT IGNORE INTO albumGenre(genre_id, album_id) VALUES (16, '5mqfk3VEL40SCU7kpu0p6I');
INSERT IGNORE INTO albumGenre(genre_id, album_id) VALUES (71, '5mqfk3VEL40SCU7kpu0p6I');
INSERT IGNORE INTO albumGenre(genre_id, album_id) VALUES (3, '5mqfk3VEL40SCU7kpu0p6I');
INSERT IGNORE INTO albumGenre(genre_id, album_id) VALUES (25, '2Kh43m04B1UkVcpcRa1Zug');
INSERT IGNORE INTO albumGenre(genre_id, album_id) VALUES (16, '2Kh43m04B1UkVcpcRa1Zug');
INSERT IGNORE INTO albumGenre(genre_id, album_id) VALUES (72, '2Kh43m04B1UkVcpcRa1Zug');
INSERT IGNORE INTO albumGenre(genre_id, album_id) VALUES (3, '2Kh43m04B1UkVcpcRa1Zug');
INSERT IGNORE INTO albumGenre(genre_id, album_id) VALUES (73, '2Kh43m04B1UkVcpcRa1Zug');
INSERT IGNORE INTO albumGenre(genre_id, album_id) VALUES (74, '7vEJAtP3KgKSpOHVgwm3Eh');
INSERT IGNORE INTO albumGenre(genre_id, album_id) VALUES (24, '7vEJAtP3KgKSpOHVgwm3Eh');
INSERT IGNORE INTO albumGenre(genre_id, album_id) VALUES (1, '7vEJAtP3KgKSpOHVgwm3Eh');
INSERT IGNORE INTO albumGenre(genre_id, album_id) VALUES (75, '7vEJAtP3KgKSpOHVgwm3Eh');
INSERT IGNORE INTO albumGenre(genre_id, album_id) VALUES (5, '7vEJAtP3KgKSpOHVgwm3Eh');
INSERT IGNORE INTO albumGenre(genre_id, album_id) VALUES (3, '7vEJAtP3KgKSpOHVgwm3Eh');
INSERT IGNORE INTO albumGenre(genre_id, album_id) VALUES (37, '6D9urpsOWWKtYvF6PaorGE');
INSERT IGNORE INTO albumGenre(genre_id, album_id) VALUES (23, '6D9urpsOWWKtYvF6PaorGE');
INSERT IGNORE INTO albumGenre(genre_id, album_id) VALUES (76, '6D9urpsOWWKtYvF6PaorGE');
INSERT IGNORE INTO albumGenre(genre_id, album_id) VALUES (51, '6D9urpsOWWKtYvF6PaorGE');
INSERT IGNORE INTO albumGenre(genre_id, album_id) VALUES (77, '6D9urpsOWWKtYvF6PaorGE');
INSERT IGNORE INTO albumGenre(genre_id, album_id) VALUES (6, '6D9urpsOWWKtYvF6PaorGE');
INSERT IGNORE INTO albumGenre(genre_id, album_id) VALUES (7, '6D9urpsOWWKtYvF6PaorGE');
INSERT IGNORE INTO albumGenre(genre_id, album_id) VALUES (78, '6D9urpsOWWKtYvF6PaorGE');
INSERT IGNORE INTO albumGenre(genre_id, album_id) VALUES (3, '6D9urpsOWWKtYvF6PaorGE');
INSERT IGNORE INTO albumGenre(genre_id, album_id) VALUES (8, '5lnQLEUiVDkLbFJHXHQu9m');
INSERT IGNORE INTO albumGenre(genre_id, album_id) VALUES (37, '5lnQLEUiVDkLbFJHXHQu9m');
INSERT IGNORE INTO albumGenre(genre_id, album_id) VALUES (6, '5lnQLEUiVDkLbFJHXHQu9m');
INSERT IGNORE INTO albumGenre(genre_id, album_id) VALUES (7, '5lnQLEUiVDkLbFJHXHQu9m');
INSERT IGNORE INTO albumGenre(genre_id, album_id) VALUES (10, '5lnQLEUiVDkLbFJHXHQu9m');
INSERT IGNORE INTO albumGenre(genre_id, album_id) VALUES (3, '5lnQLEUiVDkLbFJHXHQu9m');
INSERT IGNORE INTO albumGenre(genre_id, album_id) VALUES (37, '6deiaArbeoqp1xPEGdEKp1');
INSERT IGNORE INTO albumGenre(genre_id, album_id) VALUES (38, '6deiaArbeoqp1xPEGdEKp1');
INSERT IGNORE INTO albumGenre(genre_id, album_id) VALUES (39, '6deiaArbeoqp1xPEGdEKp1');
INSERT IGNORE INTO albumGenre(genre_id, album_id) VALUES (7, '6deiaArbeoqp1xPEGdEKp1');
INSERT IGNORE INTO albumGenre(genre_id, album_id) VALUES (3, '6deiaArbeoqp1xPEGdEKp1');
INSERT IGNORE INTO albumGenre(genre_id, album_id) VALUES (79, '3I9Z1nDCL4E0cP62flcbI5');
INSERT IGNORE INTO albumGenre(genre_id, album_id) VALUES (25, '3I9Z1nDCL4E0cP62flcbI5');
INSERT IGNORE INTO albumGenre(genre_id, album_id) VALUES (3, '3I9Z1nDCL4E0cP62flcbI5');
INSERT IGNORE INTO albumGenre(genre_id, album_id) VALUES (37, '7xl50xr9NDkd3i2kBbzsNZ');
INSERT IGNORE INTO albumGenre(genre_id, album_id) VALUES (38, '7xl50xr9NDkd3i2kBbzsNZ');
INSERT IGNORE INTO albumGenre(genre_id, album_id) VALUES (39, '7xl50xr9NDkd3i2kBbzsNZ');
INSERT IGNORE INTO albumGenre(genre_id, album_id) VALUES (7, '7xl50xr9NDkd3i2kBbzsNZ');
INSERT IGNORE INTO albumGenre(genre_id, album_id) VALUES (3, '7xl50xr9NDkd3i2kBbzsNZ');
INSERT IGNORE INTO albumGenre(genre_id, album_id) VALUES (8, '1zQ6F8gMagKcPL4SoA80cx');
INSERT IGNORE INTO albumGenre(genre_id, album_id) VALUES (37, '1zQ6F8gMagKcPL4SoA80cx');
INSERT IGNORE INTO albumGenre(genre_id, album_id) VALUES (6, '1zQ6F8gMagKcPL4SoA80cx');
INSERT IGNORE INTO albumGenre(genre_id, album_id) VALUES (7, '1zQ6F8gMagKcPL4SoA80cx');
INSERT IGNORE INTO albumGenre(genre_id, album_id) VALUES (10, '1zQ6F8gMagKcPL4SoA80cx');
INSERT IGNORE INTO albumGenre(genre_id, album_id) VALUES (3, '1zQ6F8gMagKcPL4SoA80cx');
INSERT IGNORE INTO albumGenre(genre_id, album_id) VALUES (80, '4sLCQxMRfn3gAHrBNZtbTH');
INSERT IGNORE INTO albumGenre(genre_id, album_id) VALUES (22, '4sLCQxMRfn3gAHrBNZtbTH');
INSERT IGNORE INTO albumGenre(genre_id, album_id) VALUES (81, '4sLCQxMRfn3gAHrBNZtbTH');
INSERT IGNORE INTO albumGenre(genre_id, album_id) VALUES (39, '4sLCQxMRfn3gAHrBNZtbTH');
INSERT IGNORE INTO albumGenre(genre_id, album_id) VALUES (82, '4sLCQxMRfn3gAHrBNZtbTH');
INSERT IGNORE INTO albumGenre(genre_id, album_id) VALUES (7, '4sLCQxMRfn3gAHrBNZtbTH');
INSERT IGNORE INTO albumGenre(genre_id, album_id) VALUES (83, '4sLCQxMRfn3gAHrBNZtbTH');
INSERT IGNORE INTO albumGenre(genre_id, album_id) VALUES (3, '4sLCQxMRfn3gAHrBNZtbTH');
INSERT IGNORE INTO albumGenre(genre_id, album_id) VALUES (84, '4sLCQxMRfn3gAHrBNZtbTH');
INSERT IGNORE INTO albumGenre(genre_id, album_id) VALUES (37, '5vkqYmiPBYLaalcmjujWxK');
INSERT IGNORE INTO albumGenre(genre_id, album_id) VALUES (22, '5vkqYmiPBYLaalcmjujWxK');
INSERT IGNORE INTO albumGenre(genre_id, album_id) VALUES (85, '5vkqYmiPBYLaalcmjujWxK');
INSERT IGNORE INTO albumGenre(genre_id, album_id) VALUES (86, '5vkqYmiPBYLaalcmjujWxK');
INSERT IGNORE INTO albumGenre(genre_id, album_id) VALUES (7, '5vkqYmiPBYLaalcmjujWxK');
INSERT IGNORE INTO albumGenre(genre_id, album_id) VALUES (3, '5vkqYmiPBYLaalcmjujWxK');
INSERT IGNORE INTO albumGenre(genre_id, album_id) VALUES (87, '13btXEnBerpA1UjIVtsMAR');
INSERT IGNORE INTO albumGenre(genre_id, album_id) VALUES (88, '7y7459SFZReE5Wec4hejv5');
INSERT IGNORE INTO albumGenre(genre_id, album_id) VALUES (82, '7y7459SFZReE5Wec4hejv5');
INSERT IGNORE INTO albumGenre(genre_id, album_id) VALUES (89, '7y7459SFZReE5Wec4hejv5');
INSERT IGNORE INTO albumGenre(genre_id, album_id) VALUES (7, '7y7459SFZReE5Wec4hejv5');
INSERT IGNORE INTO albumGenre(genre_id, album_id) VALUES (3, '7y7459SFZReE5Wec4hejv5');
INSERT IGNORE INTO albumGenre(genre_id, album_id) VALUES (90, '7y7459SFZReE5Wec4hejv5');
INSERT IGNORE INTO albumGenre(genre_id, album_id) VALUES (91, '7y7459SFZReE5Wec4hejv5');
INSERT IGNORE INTO albumGenre(genre_id, album_id) VALUES (92, '7y7459SFZReE5Wec4hejv5');
INSERT IGNORE INTO albumGenre(genre_id, album_id) VALUES (93, '2lKbr47iZyXo44V4CEEUaK');
INSERT IGNORE INTO albumGenre(genre_id, album_id) VALUES (94, '2lKbr47iZyXo44V4CEEUaK');
INSERT IGNORE INTO albumGenre(genre_id, album_id) VALUES (37, '6Liso0laYSkoJM9DfN37UV');
INSERT IGNORE INTO albumGenre(genre_id, album_id) VALUES (95, '6Liso0laYSkoJM9DfN37UV');
INSERT IGNORE INTO albumGenre(genre_id, album_id) VALUES (6, '6Liso0laYSkoJM9DfN37UV');
INSERT IGNORE INTO albumGenre(genre_id, album_id) VALUES (7, '6Liso0laYSkoJM9DfN37UV');
INSERT IGNORE INTO albumGenre(genre_id, album_id) VALUES (3, '6Liso0laYSkoJM9DfN37UV');
INSERT IGNORE INTO albumGenre(genre_id, album_id) VALUES (8, '7IDywTRaCI8qzS3X8tNU3x');
INSERT IGNORE INTO albumGenre(genre_id, album_id) VALUES (7, '7IDywTRaCI8qzS3X8tNU3x');
INSERT IGNORE INTO albumGenre(genre_id, album_id) VALUES (96, '7IDywTRaCI8qzS3X8tNU3x');
INSERT IGNORE INTO albumGenre(genre_id, album_id) VALUES (3, '7IDywTRaCI8qzS3X8tNU3x');
INSERT IGNORE INTO albumGenre(genre_id, album_id) VALUES (97, '7IDywTRaCI8qzS3X8tNU3x');
INSERT IGNORE INTO albumGenre(genre_id, album_id) VALUES (98, '7IDywTRaCI8qzS3X8tNU3x');
INSERT IGNORE INTO albumGenre(genre_id, album_id) VALUES (27, '6x4UQQ7TVOja89iXV047Zo');
INSERT IGNORE INTO albumGenre(genre_id, album_id) VALUES (32, '6x4UQQ7TVOja89iXV047Zo');
INSERT IGNORE INTO albumGenre(genre_id, album_id) VALUES (27, '0FSsRH1jeZqKbGcHwq3UO0');
INSERT IGNORE INTO albumGenre(genre_id, album_id) VALUES (32, '0FSsRH1jeZqKbGcHwq3UO0');
INSERT IGNORE INTO albumGenre(genre_id, album_id) VALUES (99, '7x5oZf6cKUstjslCxLsKkT');
INSERT IGNORE INTO albumGenre(genre_id, album_id) VALUES (6, '5nJ9B1KiydXoYWAcyqlG76');
INSERT IGNORE INTO albumGenre(genre_id, album_id) VALUES (78, '5nJ9B1KiydXoYWAcyqlG76');
INSERT IGNORE INTO albumGenre(genre_id, album_id) VALUES (3, '5nJ9B1KiydXoYWAcyqlG76');
INSERT IGNORE INTO albumGenre(genre_id, album_id) VALUES (6, '0nW0w37lrQ87k7PLZvC4qJ');
INSERT IGNORE INTO albumGenre(genre_id, album_id) VALUES (78, '0nW0w37lrQ87k7PLZvC4qJ');
INSERT IGNORE INTO albumGenre(genre_id, album_id) VALUES (3, '0nW0w37lrQ87k7PLZvC4qJ');
INSERT IGNORE INTO albumGenre(genre_id, album_id) VALUES (37, '6dVIqQ8qmQ5GBnJ9shOYGE');
INSERT IGNORE INTO albumGenre(genre_id, album_id) VALUES (22, '6dVIqQ8qmQ5GBnJ9shOYGE');
INSERT IGNORE INTO albumGenre(genre_id, album_id) VALUES (85, '6dVIqQ8qmQ5GBnJ9shOYGE');
INSERT IGNORE INTO albumGenre(genre_id, album_id) VALUES (86, '6dVIqQ8qmQ5GBnJ9shOYGE');
INSERT IGNORE INTO albumGenre(genre_id, album_id) VALUES (7, '6dVIqQ8qmQ5GBnJ9shOYGE');
INSERT IGNORE INTO albumGenre(genre_id, album_id) VALUES (3, '6dVIqQ8qmQ5GBnJ9shOYGE');
INSERT IGNORE INTO albumGenre(genre_id, album_id) VALUES (37, '1To7kv722A8SpZF789MZy7');
INSERT IGNORE INTO albumGenre(genre_id, album_id) VALUES (67, '1To7kv722A8SpZF789MZy7');
INSERT IGNORE INTO albumGenre(genre_id, album_id) VALUES (7, '1To7kv722A8SpZF789MZy7');
INSERT IGNORE INTO albumGenre(genre_id, album_id) VALUES (3, '1To7kv722A8SpZF789MZy7');
INSERT IGNORE INTO albumGenre(genre_id, album_id) VALUES (100, '10jsW2NYd9blCrDITMh2zS');
INSERT IGNORE INTO albumGenre(genre_id, album_id) VALUES (1, '10jsW2NYd9blCrDITMh2zS');
INSERT IGNORE INTO albumGenre(genre_id, album_id) VALUES (101, '10jsW2NYd9blCrDITMh2zS');
INSERT IGNORE INTO albumGenre(genre_id, album_id) VALUES (102, '10jsW2NYd9blCrDITMh2zS');
INSERT IGNORE INTO albumGenre(genre_id, album_id) VALUES (26, '10jsW2NYd9blCrDITMh2zS');
INSERT IGNORE INTO albumGenre(genre_id, album_id) VALUES (103, '10jsW2NYd9blCrDITMh2zS');
INSERT IGNORE INTO albumGenre(genre_id, album_id) VALUES (90, '10jsW2NYd9blCrDITMh2zS');
INSERT IGNORE INTO albumGenre(genre_id, album_id) VALUES (7, '5dN7F9DV0Qg1XRdIgW8rke');
INSERT IGNORE INTO albumGenre(genre_id, album_id) VALUES (96, '5dN7F9DV0Qg1XRdIgW8rke');
INSERT IGNORE INTO albumGenre(genre_id, album_id) VALUES (104, '5Ap3F8CxjjsQKZGASDcHNA');
INSERT IGNORE INTO albumGenre(genre_id, album_id) VALUES (105, '5Ap3F8CxjjsQKZGASDcHNA');
INSERT IGNORE INTO albumGenre(genre_id, album_id) VALUES (106, '5Ap3F8CxjjsQKZGASDcHNA');
INSERT IGNORE INTO albumGenre(genre_id, album_id) VALUES (87, '5Ap3F8CxjjsQKZGASDcHNA');
INSERT IGNORE INTO albumGenre(genre_id, album_id) VALUES (103, '5Ap3F8CxjjsQKZGASDcHNA');
INSERT IGNORE INTO albumGenre(genre_id, album_id) VALUES (44, '38alWeQVP9UUAGJvLptys9');
INSERT IGNORE INTO albumGenre(genre_id, album_id) VALUES (107, '38alWeQVP9UUAGJvLptys9');
INSERT IGNORE INTO albumGenre(genre_id, album_id) VALUES (106, '38alWeQVP9UUAGJvLptys9');
INSERT IGNORE INTO albumGenre(genre_id, album_id) VALUES (89, '38alWeQVP9UUAGJvLptys9');
INSERT IGNORE INTO albumGenre(genre_id, album_id) VALUES (87, '38alWeQVP9UUAGJvLptys9');